id|name|link|parent_id
1|casques|https://www.dafy-moto.com/casques.html|1
10|accessoires|https://www.dafy-moto.com/casques/accessoires.html|1
29|équipement motard|https://www.dafy-moto.com/equipement-motard.html|29
30|blousons, combinaisons|https://www.dafy-moto.com/equipement-motard/blousons-combinaisons.html|29
31|blouson cuir|https://www.dafy-moto.com/equipement-motard/blousons-combinaisons/blouson-cuir.html|30
32|blouson textile|https://www.dafy-moto.com/equipement-motard/blousons-combinaisons/blouson-textile.html|30
33|veste|https://www.dafy-moto.com/equipement-motard/blousons-combinaisons/veste.html|30
34|combinaison cuir|https://www.dafy-moto.com/equipement-motard/blousons-combinaisons/combinaison-cuir.html|30
35|streetwear|https://www.dafy-moto.com/equipement-motard/blousons-combinaisons/streetwear.html|30
36|blouson et veste gore-tex®|https://www.dafy-moto.com/equipement-motard/blousons-combinaisons/blouson-veste-goretex.html|30
37|entretien cuir/textile|https://www.dafy-moto.com/equipement-motard/entretien-cuir-textile.html|30
38|gants|https://www.dafy-moto.com/equipement-motard/gants.html|29
39|gants cuir|https://www.dafy-moto.com/equipement-motard/gants/gants-cuir.html|38
40|gants textile|https://www.dafy-moto.com/equipement-motard/gants/gants-textile.html|38
41|gants été|https://www.dafy-moto.com/equipement-motard/gants/gants-ete.html|38
42|gants mi-saison|https://www.dafy-moto.com/equipement-motard/gants/gants-mi-saison.html|38
43|gants hiver|https://www.dafy-moto.com/equipement-motard/gants/gants-hiver.html|38
44|gants gore-tex®|https://www.dafy-moto.com/equipement-motard/gants/gants-goretex.html|38
45|gants racing, sport|https://www.dafy-moto.com/equipement-motard/gants/gants-racing.html|38
46|gants chauffants|https://www.dafy-moto.com/equipement-motard/gants/gants-chauffants.html|38
47|bottes, chaussures|https://www.dafy-moto.com/equipement-motard/bottes-chaussures.html|29
48|bottes|https://www.dafy-moto.com/equipement-motard/bottes-chaussures/bottes.html|47
49|baskets|https://www.dafy-moto.com/equipement-motard/bottes-chaussures/baskets.html|47
50|chaussures|https://www.dafy-moto.com/equipement-motard/bottes-chaussures/chaussures.html|47
51|bottes et chaussures gore-tex®|https://www.dafy-moto.com/equipement-motard/bottes-chaussures/bottes-chaussures-gore-tex.html|47
52|pantalons|https://www.dafy-moto.com/equipement-motard/pantalons.html|29
53|pantalon cuir|https://www.dafy-moto.com/equipement-motard/pantalons/pantalon-cuir.html|52
54|pantalon textile|https://www.dafy-moto.com/equipement-motard/pantalons/pantalon-textile.html|52
55|pantalon gore-tex®|https://www.dafy-moto.com/equipement-motard/pantalons/pantalon-gore-tex.html|52
56|pantalon racing|https://www.dafy-moto.com/equipement-motard/pantalons/pantalon-racing.html|52
57|jeans|https://www.dafy-moto.com/equipement-motard/pantalons/jeans.html|52
58|femmes|https://www.dafy-moto.com/equipement-motard/femmes.html|29
59|casque|https://www.dafy-moto.com/casques/casques-moto-scooter/casque-femme.html|58
60|blouson, veste|https://www.dafy-moto.com/equipement-motard/femmes/blouson-veste.html|58
61|pantalon, jeans|https://www.dafy-moto.com/equipement-motard/femmes/pantalon-jeans.html|58
62|bottes, chaussures|https://www.dafy-moto.com/equipement-motard/femmes/bottes-chaussures.html|58
63|gants|https://www.dafy-moto.com/equipement-motard/femmes/gants.html|58
64|sportswear|https://www.dafy-moto.com/equipement-motard/femmes/sportswear.html|58
65|enfants|https://www.dafy-moto.com/equipement-motard/enfants.html|29
66|casque|https://www.dafy-moto.com/casques/casques-moto/casque-enfant.html|65
67|blouson|https://www.dafy-moto.com/equipement-motard/enfants/blouson.html|65
68|gants|https://www.dafy-moto.com/equipement-motard/enfants/gants.html|65
69|sportswear|https://www.dafy-moto.com/equipement-motard/enfants/sportswear.html|65
70|protection, sécurite|https://www.dafy-moto.com/equipement-motard/protection-securite.html|29
71|dorsale|https://www.dafy-moto.com/equipement-motard/protection-securite/dorsale.html|70
72|airbag|https://www.dafy-moto.com/equipement-motard/protection-securite/airbag.html|70
73|sliders|https://www.dafy-moto.com/equipement-motard/protection-securite/sliders.html|70
74|visibilité|https://www.dafy-moto.com/equipement-motard/protection-securite/visibilite.html|70
75|Protections amovibles CE|https://www.dafy-moto.com/equipement-motard/protection-securite/protections-amovibles-ce.html|70
76|Kit secours|https://www.dafy-moto.com/equipement-motard/protection-securite/kit-secours.html|70
77|anti-pluie, anti-froid|https://www.dafy-moto.com/equipement-motard/anti-pluie-anti-froid.html|29
78|veste|https://www.dafy-moto.com/equipement-motard/anti-pluie-anti-froid/veste.html|77
79|combinaison|https://www.dafy-moto.com/equipement-motard/anti-pluie-anti-froid/combinaison.html|77
80|pantalon|https://www.dafy-moto.com/equipement-motard/anti-pluie-anti-froid/pantalon.html|77
81|tour de cou, cagoule|https://www.dafy-moto.com/equipement-motard/anti-pluie-anti-froid/tour-de-cou-cagoule.html|77
82|sur-gants, sous-gants|https://www.dafy-moto.com/equipement-motard/anti-pluie-anti-froid/sur-gants-sous-gants.html|77
83|sur-bottes|https://www.dafy-moto.com/equipement-motard/anti-pluie-anti-froid/sur-bottes.html|77
84|vêtements thermiques|https://www.dafy-moto.com/equipement-motard/anti-pluie-anti-froid/vetements-thermiques.html|77
85|Vêtements Chauffants|https://www.dafy-moto.com/equipement-motard/anti-pluie-anti-froid/vetements-chauffants.html|77
86|sportswear|https://www.dafy-moto.com/equipement-motard/sportswear.html|29
87|t-shirt, polo|https://www.dafy-moto.com/equipement-motard/sportswear/t-shirt.html|86
88|sweat, veste zippée|https://www.dafy-moto.com/equipement-motard/sportswear/sweat-shirt.html|86
89|baskets|https://www.dafy-moto.com/equipement-motard/sportswear/baskets.html|86
90|casquette, bonnet|https://www.dafy-moto.com/equipement-motard/sportswear/casquette-bonnet.html|86
91|sac à dos|https://www.dafy-moto.com/equipement-motard/sportswear/sac-a-dos.html|86
92|lunettes|https://www.dafy-moto.com/equipement-motard/sportswear/lunettes.html|86
93|ceinture|https://www.dafy-moto.com/equipement-motard/sportswear/ceinture.html|86
94|cadeaux|https://www.dafy-moto.com/equipement-motard/cadeaux.html|29
95|e-carte cadeau dafy|https://www.dafy-moto.com/e-carte-cadeau-dafy-moto.html|94
96|carte cadeau dafy|https://www.dafy-moto.com/carte-cadeau-dafy-moto-noir.html|94
97|carte cadeau de Noël|https://www.dafy-moto.com/carte-cadeau-dafy-moto-rouge.html|94
98|sportswear|https://www.dafy-moto.com/equipement-motard/sportswear.html|94
99|stickers, maquettes, goodies|https://www.dafy-moto.com/equipement-motard/cadeaux/stickers-maquettes-goodies.html|94
100|encart_equipement|https://www.dafy-moto.com/gants-cap-horn-pc-dmp-noir.html|29
101|accessoires et pièces moto|https://www.dafy-moto.com/accessoires-pieces.html|101
102|Navigation|https://www.dafy-moto.com/accessoires-pieces/navigation-communication.html|101
103|Intercom|https://www.dafy-moto.com/accessoires-pieces/navigation-communication/intercom.html|102
104|Gps, tracker|https://www.dafy-moto.com/accessoires-pieces/navigation-communication/gps-tracker.html|102
105|Support Navigation|https://www.dafy-moto.com/accessoires-pieces/navigation-communication/support-navigation.html|102
106|Accessoires|https://www.dafy-moto.com/accessoires-pieces/navigation-communication/accessoires.html|102
107|Caméra|https://www.dafy-moto.com/accessoires-pieces/navigation-communication/camera.html|102
108|Bagagerie|https://www.dafy-moto.com/accessoires-pieces/bagagerie.html|101
109|Bagagerie Souple|https://www.dafy-moto.com/accessoires-pieces/bagagerie/bagagerie-souple.html|108
110|Top case et valise|https://www.dafy-moto.com/accessoires-pieces/bagagerie/top-case-valise.html|108
111|Tapis Réservoir|https://www.dafy-moto.com/accessoires-pieces/bagagerie/tapis-reservoir.html|108
112|Accessoires|https://www.dafy-moto.com/accessoires-pieces/bagagerie/accessoires.html|108
113|Tablier, manchons|https://www.dafy-moto.com/accessoires-pieces/bagagerie/tablier-manchons.html|108
114|Antivol|https://www.dafy-moto.com/accessoires-pieces/antivols.html|101
115|Bloque Disque|https://www.dafy-moto.com/accessoires-pieces/antivols/bloque-disque.html|114
116|Chaîne, Câble|https://www.dafy-moto.com/accessoires-pieces/antivols/chaine-cable.html|114
117|Antivol U|https://www.dafy-moto.com/accessoires-pieces/antivols/antivol-u.html|114
118|Alarme|https://www.dafy-moto.com/accessoires-pieces/antivols/alarme.html|114
119|Entretien Moto|https://www.dafy-moto.com/accessoires-pieces/entretien-moto.html|101
120|Dégraissant, dégrippant|https://www.dafy-moto.com/accessoires-pieces/entretien-moto/degraissant-degrippant.html|119
121|Rénovateur|https://www.dafy-moto.com/accessoires-pieces/entretien-moto/renovateur.html|119
122|Nettoyant|https://www.dafy-moto.com/accessoires-pieces/entretien-moto/nettoyant.html|119
123|Huile et lubrifiant|https://www.dafy-moto.com/accessoires-pieces/huile-lubrifiant.html|101
124|Huile moteur|https://www.dafy-moto.com/accessoires-pieces/huile-lubrifiant/huile-moteur.html|123
125|Huile de fourche|https://www.dafy-moto.com/accessoires-pieces/huile-lubrifiant/huile-fourche.html|123
126|Lubrifiant et graisse chaîne|https://www.dafy-moto.com/accessoires-pieces/huile-lubrifiant/lubrifiant-graisse-chaine.html|123
127|Liquide de frein|https://www.dafy-moto.com/accessoires-pieces/huile-lubrifiant/liquide-frein.html|123
128|Liquide de refroidissement|https://www.dafy-moto.com/accessoires-pieces/huile-lubrifiant/liquide-refroidissement.html|123
129|Filtre|https://www.dafy-moto.com/accessoires-pieces/filtre.html|101
130|Filtre à huile|https://www.dafy-moto.com/accessoires-pieces/filtre/filtre-huile.html|129
131|Filtre à air|https://www.dafy-moto.com/accessoires-pieces/filtre/filtre-air.html|129
132|Filtre à essence|https://www.dafy-moto.com/accessoires-pieces/filtre/filtre-essence.html|129
133|Batterie et bougie|https://www.dafy-moto.com/accessoires-pieces/batterie-bougie.html|101
134|Batterie|https://www.dafy-moto.com/accessoires-pieces/batterie-bougie/batterie.html|133
135|Chargeur de batterie|https://www.dafy-moto.com/accessoires-pieces/batterie-bougie/chargeur-batterie.html|133
136|Bougie|https://www.dafy-moto.com/accessoires-pieces/batterie-bougie/bougie.html|133
137|Transmission|https://www.dafy-moto.com/accessoires-pieces/transmission.html|101
138|Kit chaine|https://www.dafy-moto.com/accessoires-pieces/transmission/kit-chaine.html|137
139|pignon|https://www.dafy-moto.com/accessoires-pieces/transmission/pignon.html|137
140|chaine|https://www.dafy-moto.com/accessoires-pieces/transmission/chaine.html|137
141|Freinage et embrayage|https://www.dafy-moto.com/accessoires-pieces/freinage-embrayage.html|101
142|Disque de frein|https://www.dafy-moto.com/accessoires-pieces/freinage-embrayage/disque-frein.html|141
143|Plaquettes et machoires|https://www.dafy-moto.com/accessoires-pieces/freinage-embrayage/plaquettes-machoires.html|141
144|Levier frein et embrayage|https://www.dafy-moto.com/accessoires-pieces/freinage-embrayage/levier-frein-embrayage.html|141
145|Embrayage|https://www.dafy-moto.com/accessoires-pieces/freinage-embrayage/embrayage.html|141
146|Kit de freinage|https://www.dafy-moto.com/accessoires-pieces/freinage-embrayage/kit-de-freinage.html|141
147|Encart Accessoires|https://www.dafy-moto.com/dafy-moto-powerchaine-dafy-moto.html|101
148|Outillage|https://www.dafy-moto.com/accessoires-pieces/outillage.html|101
149|Réparation pneu|https://www.dafy-moto.com/accessoires-pieces/outillage/reparation-pneu.html|148
150|Béquille, lève-moto|https://www.dafy-moto.com/accessoires-pieces/outillage/bequille-leve-moto.html|148
151|Outils|https://www.dafy-moto.com/accessoires-pieces/outillage/outils.html|148
152|Sangle, transport|https://www.dafy-moto.com/accessoires-pieces/outillage/sangle-transport.html|148
153|Bac, bidon, doseur|https://www.dafy-moto.com/accessoires-pieces/outillage/bac-bidon-doseur.html|148
154|Eclairage et clignotants|https://www.dafy-moto.com/accessoires-pieces/eclairage-clignotants.html|101
155|Eclairage|https://www.dafy-moto.com/accessoires-pieces/eclairage-clignotants/eclairage.html|154
156|Clignotants|https://www.dafy-moto.com/accessoires-pieces/eclairage-clignotants/clignotants.html|154
157|Centrale et connectiques|https://www.dafy-moto.com/accessoires-pieces/eclairage-clignotants/centrale-connectiques.html|154
158|Guidons et poignées|https://www.dafy-moto.com/accessoires-pieces/guidon-poignees.html|101
159|Guidon|https://www.dafy-moto.com/accessoires-pieces/guidon-poignees/guidon.html|158
160|Poignées|https://www.dafy-moto.com/accessoires-pieces/guidon-poignees/poignees.html|158
161|Embouts de guidon|https://www.dafy-moto.com/accessoires-pieces/guidon-poignees/embouts-guidon.html|158
162|Pontets|https://www.dafy-moto.com/accessoires-pieces/guidon-poignees/pontets.html|158
163|Accessoires moto|https://www.dafy-moto.com/accessoires-pieces/accessoires-moto.html|101
164|Rétroviseur|https://www.dafy-moto.com/accessoires-pieces/accessoires-moto/retroviseur.html|163
165|Repose-pied|https://www.dafy-moto.com/accessoires-pieces/accessoires-moto/repose-pied.html|163
166|Support de plaque|https://www.dafy-moto.com/accessoires-pieces/accessoires-moto/support-plaque.html|163
167|Porte-assurance|https://www.dafy-moto.com/accessoires-pieces/accessoires-moto/porte-assurance.html|163
168|Kit plastique|https://www.dafy-moto.com/accessoires-pieces/accessoires-moto/kit-plastique.html|163
169|Customisation|https://www.dafy-moto.com/accessoires-pieces/accessoires-moto/customisation.html|163
170|Pièces détachées|https://www.dafy-moto.com/accessoires-pieces/pieces-detachees.html|101
171|Roulement|https://www.dafy-moto.com/accessoires-pieces/pieces-detachees/roulement.html|170
172|Joint|https://www.dafy-moto.com/accessoires-pieces/pieces-detachees/joint.html|170
173|Durite à essence|https://www.dafy-moto.com/accessoires-pieces/pieces-detachees/durite-essence.html|170
174|Câbles|https://www.dafy-moto.com/accessoires-pieces/pieces-detachees/cable.html|170
175|Accessoires électriques|https://www.dafy-moto.com/accessoires-pieces/pieces-detachees/accessoires-electriques.html|170
176|Echappement|https://www.dafy-moto.com/accessoires-pieces/pieces-detachees/echappement.html|170
177|Protection moto|https://www.dafy-moto.com/accessoires-pieces/protections-moto.html|101
178|Pare-carter|https://www.dafy-moto.com/accessoires-pieces/protections-moto/pare-carter.html|177
179|Protège réservoir|https://www.dafy-moto.com/accessoires-pieces/protections-moto/protege-reservoir.html|177
180|Housse moto|https://www.dafy-moto.com/accessoires-pieces/protections-moto/housse-moto.html|177
181|Tonnelle|https://www.dafy-moto.com/accessoires-pieces/protections-moto/tonnelle.html|177
182|scooter|https://www.dafy-moto.com/scooter.html|182
183|casques scooter|https://www.dafy-moto.com/scooter/casques-scooter.html|182
184|casque jet|https://www.dafy-moto.com/scooter/casques-scooter/casque-jet.html|183
185|casque modulable|https://www.dafy-moto.com/scooter/casques-scooter/casque-modulable.html|183
186|casque transformable|https://www.dafy-moto.com/scooter/casques-scooter/casque-transformable.html|183
187|équipement homme|https://www.dafy-moto.com/scooter/equipement-homme.html|182
188|veste, blouson|https://www.dafy-moto.com/scooter/equipement-homme/veste-blouson.html|187
189|pantalon|https://www.dafy-moto.com/scooter/equipement-homme/pantalon.html|187
190|gants|https://www.dafy-moto.com/scooter/equipement-homme/gants.html|187
191|chaussures|https://www.dafy-moto.com/scooter/equipement-homme/chaussures.html|187
192|équipement femme|https://www.dafy-moto.com/scooter/equipement-femme.html|182
193|veste, blouson|https://www.dafy-moto.com/scooter/equipement-femme/veste-blouson.html|192
194|pantalon|https://www.dafy-moto.com/scooter/equipement-femme/pantalon.html|192
195|gants|https://www.dafy-moto.com/scooter/equipement-femme/gants.html|192
196|chaussures|https://www.dafy-moto.com/scooter/equipement-femme/chaussures.html|192
197|anti-pluie, anti-froid|https://www.dafy-moto.com/scooter/anti-pluie-anti-froid.html|182
198|vêtement de pluie|https://www.dafy-moto.com/scooter/anti-pluie-anti-froid/vetement-pluie.html|197
199|vêtement thermique|https://www.dafy-moto.com/scooter/anti-pluie-anti-froid/vetement-thermique.html|197
200|sur-gants, sous-gants|https://www.dafy-moto.com/scooter/anti-pluie-anti-froid/sur-gants-sous-gants.html|197
201|tour de cou, cagoule|https://www.dafy-moto.com/scooter/anti-pluie-anti-froid/tour-de-cou-cagoule.html|197
202|tablier, jupe|https://www.dafy-moto.com/scooter/anti-pluie-anti-froid/tablier-jupe.html|197
203|manchon|https://www.dafy-moto.com/scooter/anti-pluie-anti-froid/manchon.html|197
204|protection, securite|https://www.dafy-moto.com/scooter/protection-securite.html|182
205|airbag|https://www.dafy-moto.com/equipement-motard/protection-securite/airbag.html|204
206|visibilité|https://www.dafy-moto.com/equipement-motard/protection-securite/visibilite.html|204
207|navigation, communication|https://www.dafy-moto.com/scooter/navigation-communication.html|182
208|intercom|https://www.dafy-moto.com/scooter/navigation-communication/intercom.html|207
209|gps|https://www.dafy-moto.com/scooter/navigation-communication/gps.html|207
210|caméra embarquée|https://www.dafy-moto.com/scooter/navigation-communication/camera-embarquee.html|207
211|support navigation|https://www.dafy-moto.com/scooter/navigation-communication/support-navigation.html|207
212|accessoires|https://www.dafy-moto.com/scooter/navigation-communication/accessoires.html|207
213|bagagerie|https://www.dafy-moto.com/scooter/bagagerie.html|182
214|bagagerie rigide|https://www.dafy-moto.com/scooter/bagagerie/bagagerie-rigide.html|213
215|bagagerie souple|https://www.dafy-moto.com/scooter/bagagerie/bagagerie-souple.html|213
216|Accessoires|https://www.dafy-moto.com/scooter/bagagerie/accessoires.html|213
217|antivols|https://www.dafy-moto.com/scooter/antivols.html|182
218|bloque disque|https://www.dafy-moto.com/scooter/antivols/bloque-disque.html|217
219|chaîne, câble|https://www.dafy-moto.com/scooter/antivols/chaine-cable.html|217
220|u|https://www.dafy-moto.com/scooter/antivols/u.html|217
221|Alarme|https://www.dafy-moto.com/scooter/antivols/alarme.html|217
222|entretien|https://www.dafy-moto.com/scooter/entretien.html|182
223|eclairage|https://www.dafy-moto.com/scooter/entretien/eclairage.html|222
224|lubrifiant|https://www.dafy-moto.com/scooter/entretien/lubrifiant.html|222
225|outillage|https://www.dafy-moto.com/scooter/entretien/outillage.html|222
226|chargeur de batterie|https://www.dafy-moto.com/scooter/entretien/chargeur-batterie.html|222
227|accessoires|https://www.dafy-moto.com/scooter/accessoires.html|182
228|rétroviseur|https://www.dafy-moto.com/scooter/accessoires/retroviseur.html|227
229|clignotant|https://www.dafy-moto.com/scooter/accessoires/clignotant.html|227
230|poignée|https://www.dafy-moto.com/scooter/poste-pilotage/poignee.html|227
231|pièces détachées|https://www.dafy-moto.com/scooter/pieces-detachees.html|182
232|batterie|https://www.dafy-moto.com/scooter/pieces-detachees/batterie.html|231
233|bougie|https://www.dafy-moto.com/scooter/pieces-detachees/bougie.html|231
234|filtre|https://www.dafy-moto.com/scooter/pieces-detachees/filtre.html|231
235|transmission|https://www.dafy-moto.com/scooter/pieces-detachees/transmission.html|231
236|freinage|https://www.dafy-moto.com/scooter/pieces-detachees/freinage.html|231
237|pneus scooter|https://www.dafy-moto.com/pneus-moto/scooter.html|231
238|Encart Scoot|https://www.dafy-moto.com/sacoche-de-jambe-dainese-noir-blanc.html|182
239|tout-terrain|https://www.dafy-moto.com/tout-terrain.html|239
240|casques, masques|https://www.dafy-moto.com/tout-terrain/casques-masques.html|239
241|casque tout-terrain|https://www.dafy-moto.com/tout-terrain/casques-masques/casque-tout-terrain.html|240
242|casque quad|https://www.dafy-moto.com/tout-terrain/casques-masques/casque-quad.html|240
243|casque trial|https://www.dafy-moto.com/tout-terrain/casques-masques/casque-trial.html|240
244|masque|https://www.dafy-moto.com/tout-terrain/casques-masques/masque.html|240
245|écran masque, accessoires|https://www.dafy-moto.com/tout-terrain/casques-masques/ecran-masque-cross.html|240
246|équipement pilote|https://www.dafy-moto.com/tout-terrain/equipement-pilote.html|239
247|gants|https://www.dafy-moto.com/tout-terrain/equipement-pilote/gants.html|246
248|maillot|https://www.dafy-moto.com/tout-terrain/equipement-pilote/maillot.html|246
249|pantalon|https://www.dafy-moto.com/tout-terrain/equipement-pilote/pantalon.html|246
250|veste|https://www.dafy-moto.com/tout-terrain/equipement-pilote/veste.html|246
251|bottes|https://www.dafy-moto.com/tout-terrain/equipement-pilote/bottes.html|246
252|chaussettes|https://www.dafy-moto.com/tout-terrain/equipement-pilote/chaussettes.html|246
253|équipement enfant|https://www.dafy-moto.com/tout-terrain/equipement-enfant.html|239
254|maillot|https://www.dafy-moto.com/tout-terrain/equipement-enfant/maillot.html|253
255|pantalon|https://www.dafy-moto.com/tout-terrain/equipement-enfant/pantalon.html|253
256|bottes|https://www.dafy-moto.com/tout-terrain/equipement-enfant/bottes.html|253
257|protection|https://www.dafy-moto.com/tout-terrain/equipement-enfant/protection.html|253
258|gants|https://www.dafy-moto.com/tout-terrain/equipement-enfant/gants.html|253
259|casque|https://www.dafy-moto.com/tout-terrain/equipement-enfant/casque.html|253
260|protection, sécurite|https://www.dafy-moto.com/tout-terrain/protection-securite.html|239
261|protection buste|https://www.dafy-moto.com/tout-terrain/protection-securite/protection-buste.html|260
262|protection genou|https://www.dafy-moto.com/tout-terrain/protection-securite/protection-genou.html|260
263|protection coude|https://www.dafy-moto.com/tout-terrain/protection-securite/protection-coude.html|260
264|protection cervicales|https://www.dafy-moto.com/tout-terrain/protection-securite/protection-cervicales.html|260
265|ceinture|https://www.dafy-moto.com/tout-terrain/protection-securite/protection-hanche-ceinture.html|260
266|anti-pluie, anti-froid|https://www.dafy-moto.com/tout-terrain/anti-pluie-anti-froid.html|239
267|coupe-vent, vêtement pluie|https://www.dafy-moto.com/tout-terrain/anti-pluie-anti-froid/coupe-vent-vetement-pluie.html|266
268|vêtement thermique|https://www.dafy-moto.com/tout-terrrajn/anti-pluie-anti-froid/vetement-thermique.html|266
269|protection visage, cou|https://www.dafy-moto.com/tout-terrain/anti-pluie-anti-froid/protection-visage-cou.html|266
270|bagagerie|https://www.dafy-moto.com/tout-terrain/bagagerie.html|239
271|sac à dos, sacoche|https://www.dafy-moto.com/tout-terrain/bagagerie/sac-a-dos-sacoche.html|270
272|sac hydratation|https://www.dafy-moto.com/tout-terrain/bagagerie/sac-hydratation.html|270
273|sac de transport|https://www.dafy-moto.com/tout-terrain/bagagerie/sac-transport.html|270
274|sac, étui masque|https://www.dafy-moto.com/tout-terrain/bagagerie/etui-masque.html|270
275|entretien|https://www.dafy-moto.com/tout-terrain/entretien.html|239
276|eclairage|https://www.dafy-moto.com/accessoires-pieces/eclairage-clignotants/eclairage.html|275
277|outillage|https://www.dafy-moto.com/tout-terrain/entretien/outillage.html|275
278|chargeur de batterie|https://www.dafy-moto.com/tout-terrain/entretien/chargeur-batterie.html|275
279|lève-moto|https://www.dafy-moto.com/tout-terrain/entretien/leve-moto.html|275
280|poste de pilotage|https://www.dafy-moto.com/tout-terrain/poste-pilotage.html|239
281|guidon|https://www.dafy-moto.com/tout-terrain/poste-pilotage/guidon.html|280
282|embout|https://www.dafy-moto.com/tout-terrain/poste-pilotage/embout.html|280
283|pontet|https://www.dafy-moto.com/tout-terrain/poste-pilotage/pontet.html|280
284|levier et cocotte|https://www.dafy-moto.com/tout-terrain/poste-pilotage/levier.html|280
285|poignée|https://www.dafy-moto.com/tout-terrain/poste-pilotage/poignee.html|280
286|repose-pied|https://www.dafy-moto.com/tout-terrain/poste-pilotage/repose-pied.html|280
287|câble gaz|https://www.dafy-moto.com/tout-terrain/poste-pilotage/cable-gaz.html|280
288|sélecteur|https://www.dafy-moto.com/tout-terrain/poste-pilotage/selecteur.html|280
289|pièces détachées|https://www.dafy-moto.com/tout-terrain/pieces-detachees.html|239
290|batterie|https://www.dafy-moto.com/tout-terrain/pieces-detachees/batterie.html|289
291|bougie|https://www.dafy-moto.com/tout-terrain/pieces-detachees/bougie.html|289
292|filtre|https://www.dafy-moto.com/tout-terrain/pieces-detachees/filtre.html|289
293|transmission|https://www.dafy-moto.com/tout-terrain/pieces-detachees/transmission.html|289
294|freinage|https://www.dafy-moto.com/tout-terrain/pieces-detachees/freinage.html|289
295|roulement, joint|https://www.dafy-moto.com/tout-terrain/pieces-detachees/roulement-joint.html|289
296|plastique|https://www.dafy-moto.com/tout-terrain/plastique.html|239
297|protège-main|https://www.dafy-moto.com/tout-terrain/plastique/protege-main.html|296
298|kit plastique|https://www.dafy-moto.com/tout-terrain/plastique/kit-plastique.html|296
299|carte cadeau dafy|https://www.dafy-moto.com/carte-cadeau-dafy-moto.html|239
300|e-carte cadeau Dafy tout-terrain|https://www.dafy-moto.com/e-carte-cadeau-dafy-moto-tout-terrain.html|299
301|carte cadeau dafy|https://www.dafy-moto.com/carte-cadeau-dafy-moto-noir.html|299
302|carte cadeau de Noël|https://www.dafy-moto.com/carte-cadeau-dafy-moto-rouge.html|299
303|pneus tout-terrain|https://www.dafy-moto.com/pneus-moto/tout-terrain.html|239
304|cross|https://www.dafy-moto.com/pneus-moto/cross.html|303
305|enduro|https://www.dafy-moto.com/pneus-moto/enduro.html|303
306|mousse, chambre|https://www.dafy-moto.com/tout-terrain/pneus/mousse-chambre.html|303
307|Encart Cross|https://www.dafy-moto.com/bottes-blitz-xp-thor-motocross-blanc-noir.html|239
308|marques|https://www.dafy-moto.com/marque.html|308
309|pneus|https://www.dafy-moto.com/pneus-moto.html|309
310|types de pneus||309
311|circuit|https://www.dafy-moto.com/pneus-moto/circuit.html|310
312|sport|https://www.dafy-moto.com/pneus-moto/sport.html|310
313|sport touring|https://www.dafy-moto.com/pneus-moto/sport-touring.html|310
314|trail|https://www.dafy-moto.com/pneus-moto/trail.html|310
315|custom|https://www.dafy-moto.com/pneus-moto/custom.html|310
316|tout-terrain|https://www.dafy-moto.com/pneus-moto/tout-terrain.html|310
317|scooter|https://www.dafy-moto.com/pneus-moto/scooter.html|310
318|Petites cylindrées|https://www.dafy-moto.com/pneus-moto/petites-cylindrees.html|310
325|accessoires|https://www.dafy-moto.com/pneus-moto/accessoires.html|309
326|Mousse et chambre à air|https://www.dafy-moto.com/pneus-moto/accessoires/mousse-chambre-a-air.html|325
327|Anti-crevaison|https://www.dafy-moto.com/pneus-moto/accessoires/anti-crevaison.html|325
328|Entretien pneu|https://www.dafy-moto.com/pneus-moto/accessoires/entretien-pneu.html|325
