"1"|"DMP"|"1",NULL,NULL,"https://www.dafy-moto.com/images/brand/medium/dmp-245.png"|"En 1999, DMP est la première marque développée en propre par Dafy. L’objectif est de proposer à la clientèle des produits de qualité à des prix défiant toute concurrence, et ce, en supprimant les nombreux intermédiaires. Pari réussi pour cette marque, qui propose une gamme complète d’équipements pour le motard. DMP propose donc tous les types d'équipements nécessaires à tout bon pratiquant de moto. Que vous cherchiez des gants de moto, une dorsale, des baskets ou encore un blouson de moto, DMP saura vous faire préférer ses produits aux plus grandes marques moto."
"2"|"EQUIPEMENT MOTO ALPINESTARS"|"1",NULL,NULL,"https://www.dafy-moto.com/images/brand/medium/alpinestars-234.png"|"Fondée en 1963, Alpinestars n’a cessé d’améliorer les qualités techniques de ses vêtements moto pour devenir aujourd’hui la référence de l’équipement du motard. En témoigne le grand nombre de pilotes moto GP qui font confiance à sa technologie, notamment grâce à sa combinaison avec airbag. Alpinestars vous propose une large gamme de blousons Alpinestars, en cuir ou textile comme les vestes, de gants moto haut de gamme et racing, des baskets ou encore de bottes Alpinestars pour toutes les pratiques: bottes racing, touring... Alpinestars c'est aussi des pantalons qui couvriront pleinement vos attentes en termes de sécurité et de confort. Et quand vous n'êtes plus sur votre moto, un t-shirt pour afficher votre allégeance à la marque !"
"3"|"DAINESE"|"1",NULL,NULL,"https://www.dafy-moto.com/images/brand/medium/cy45ga_dainese_wordmark_rgb_black-1920x0_kkfpwq-321.png"|"Leader dans l'équipement du motard depuis 1972, Dainese est l'une des marques préférées des motards. Grâce à son savoir-faire et une technologie à la pointe, Dainese équipe les plus grands pilotes de MotoGP. La marque italienne propose un large choix de vêtements moto du blouson cuir moto à la veste Gore-Tex® en passant par les bottes moto et baskets sans oublier les gants homologués CE et les pantalons. Dainese propose également des sacs à dos modernes et confortables."
"4"|"EQUIPEMENT MOTO FURYGAN"|"1",NULL,NULL,"https://www.dafy-moto.com/images/brand/medium/furygan-231.png"|"Créee en 1969 par Jacques Segura la marque Furygan propose des équipements de moto pour le quotidien de tous les motards, solides et protecteurs. Avec une expérience de plus de 40 ans, la marque Furygan propose une large gamme de qualité. Les motards apprécient particulièrement le look unique d’un blouson Furygan, d'une veste mais aussi la technicité des chaussures de moto, d'un pantalon ou des gants moto Furygan. La marque s'est rendue unique par le développement de gants racing techniques. Toujours à la recherche d'innovations, Furygan fait aujourd'hui totalement partie du monde de l'accessoires moto et les t-shirts permettront d'afficher votre amour pour la marque. Innovation, performance et qualité sont les maitres mots du fabricant, toujours en quête de meilleurs produits pour tous les motards."
"5"|"EQUIPEMENT MOTO IXON"|"1",NULL,NULL,"https://www.dafy-moto.com/images/brand/medium/ixon-237.png"|"Créée en 1996, La marque française Ixon est une référence de choix pour l’équipement des motards. Avec un présence internationle, le fabricant français est un véritable acteur du secteur moto. Avec deux collections par an et plusieurs dizaines de nouveautés chaque saison, elle propose régulièrement de nouveaux produits pour ravir ses adeptes. Du pantalon de moto Ixon à la combinaison intégrale en passant par la dorsale, la veste, les baskets, le blouson de moto Ixon ou encore la paire de gants de moto Ixon, tous les besoins du motard sont couverts avec des équipements techniques, performants et de bon goût. Ixon pense aussi à votre protection en proposant un nouvel airbag moto, sans fil avec un déclanchement rapide et efficace :  l'airbag IXON U03"
"6"|"SHOEI"|"1",NULL,NULL,"https://www.dafy-moto.com/images/brand/medium/shoei-232.png"|"Shoei est une marque japonaise, spécialisée dans la fabrication de casques de moto. La société s’est créée en 1958 : à l’origine, elle dessine et conçoit des casques destinés exclusivement à la compétition. Shoei se fait rapidement un nom dans le milieu en disposant d’une avance technologique certaine. Les méthodes de fabrication de Shoei ont largement contribué à la notoriété de la marque: tous les casques de moto sont encore produits au Japon. La fabrication à la main presque artisanale permet à Shoei de produire des casques moto de haute volé. Le casque intégral moto Neotec est un exemple parfait affirmant les ambitions et la technicité des produits de la marque. En plus des casques, Shoei met également à disposition des écrans casques pour toutes les conditions de luminosité."
"7"|"SCORPION"|"1",NULL,NULL,"https://www.dafy-moto.com/images/brand/medium/scorpion-exo-271.png"|"La marque Scorpion est spécialisée dans la conception de casque et fait aujourd’hui partie du top 5 des meilleures marques en la matière. Il faut dire qu’elle dispose d’un large choix de modèles, adaptés à chaque pratique : vous trouverez facilement un casque de moto Scorpion EXO™ pour une pratique sur route avec un casque intégral Scorpion EXO™, mais aussi un casque tout-terrain Scorpion EXO™ pour les pratiques plus sportives. Le casque modulable Scorpion EXO™ est également une référence en matière d’équipement de sécurité pour les motards au quotidien. Pour tous vos déplacements urbains, un casque Jet Scorpion EXO™  comme le Exo Combat, sera le meilleur choix pour un confort optimal. Faites le bon choix avec un EXO 1400 Air !"
"8"|"HJC"|"1",NULL,NULL,"https://www.dafy-moto.com/images/brand/medium/hjc-265.png"|"Depuis 1971, HJC s’est spécialisée dans la fabrication de casques de moto exclusivement. Ce qui a fait la réussite des casques HJC à travers le monde ? Son expérience de fabrication, ses idées novatrices et ses prix raisonnables. L’objectif clair de la marque est de fournir aux motards des produits de haute qualité, confortables et à des tarifs attractifs. HJC propose la gamme la plus large du marché. Si vous cherchez un casque intégral, un casque jet ou casque modulable, la marque saura pleinement vous satisfaire. HJC a également développé une gamme de casque tout-terrain et des écrans casques pour toutes les situations."
"9"|"LS2"|"1",NULL,NULL,"https://www.dafy-moto.com/images/brand/medium/ls2.png"|"LS2 est une marque de casques de moto venue de Chine depuis les années 1990. Elle propose une gamme complète, allant du casque jet au intégral, à des tarifs particulièrement attractifs. La marque a été créée en 2007, mais l’entreprise qui les fabrique existe depuis 1990. Le rapport qualité/prix fait la renommée de la marque, qui met en avant son très faible retour SAV. Jet,modulabler, intégral Challenger ou tout-terrain, à chacun son LS2 selon votre pratique de la moto. Laissez-vous aller avec les écrans casque pour un peu de changement. Que vous exploriez la ville, que vous affrontiez la piste ou que vous batailliez avec la boue, vous serez protégé de toutes les situations avec un LS2."
"10"|"SHARK"|"1",NULL,NULL,"https://www.dafy-moto.com/images/brand/medium/logo_shark-325.png"|"Acheter un casque de moto Shark, c'est choisir le savoir-faire de la marque française sur le marché depuis plus de 25 ans. Shark est une marque indissociable de la protection pour les motards. Que vous soyez un motard occasionnel ou quotidien, peu importe vos habitudes, choisir un casque de moto Shark, c'est s'orienter vers un niveau de performance et de sécurité pour toutes vos sorties moto. Confort et praticité sont les maitres mots chez le fabricant. Le choix de votre casque fait partie intégrante du plaisir de la moto. Shark va toujours plus loin dans la conception de ses protections : Faire évoluer les technologies, faire mieux que les normes, être à l'écoute des motards et proposer des casques irréprochables. La gamme Shark couvre tous les besoins en type de protection. Que vous soyez à la recherche d'une protection intégrale avec un casque intégral, la praticité avec un casque modulable ou encore pour tous vos trajets en ville avec un casque Jet, Shark pensera à vous et à votre utilisation. ET si vous hésitez entre un type de casque, le Shark EVO ONE saura parfaitement convenir à toutes les situations. Vous pourrez aussi accessoiriser votre protection avec un écran de casque adapté."
"11"|"EQUIPEMENT MOTO BERING"|"1",NULL,NULL,"https://www.dafy-moto.com/images/brand/medium/bering-236.png"|"Avec la plus large gamme du marché d'équipement moto, Bering sait répondre aux attentes des motards les plus exigeants, qui doivent pouvoir compter sur leur équipement en toutes circonstances. Blouson Bering 3 en 1, veste, gants de moto Bering, ou encore baskets et pantalon de moto, Bering a toujours su accorder, en plus, une attention particulière au design de ses produits."
"12"|"HELSTONS"|"1",NULL,NULL,"https://www.dafy-moto.com/images/brand/medium/helstons-243.png"|"Bien que son nom soit celui d’une ville du sud de l’Angleterre, Helstons est une marque française de vêtements moto. A la base spécialisée dans le travail du cuir (la fabrication d’une pièce en cuir nécessite plus de 8h de travail), elle a développé toute une gamme de produits cuirs et textiles vintages pour la pratique de la moto. La pièce maîtresse, le blouson de moto, offre une qualité de finition inégalable. Vous pouvez aussi accorder une grande attention aux gants de moto Helstons, dont la conception fait l'objet d'une même attention. Helstons a également étoffé sa gamme de chaussures pour la moto style vintage !"
"13"|"TCX"|"1",NULL,NULL,"https://www.dafy-moto.com/images/brand/medium/tcx-240.png"|"La passion, la technologie et l’innovation sont les valeurs de la marque de chaussures moto TCX et ce sont ces valeurs qui lui permirent de conquérir la confiance de la clientèle. TCX offre aujourd’hui la gamme de chaussures moto la plus complète : de la botte racing pour la piste à celle pour la pratique du cross ou de l’enduro, de la botte touring pour la route et les loisirs à celle étudiée expressément pour les femmes. Vous trouverez obligatoirement chaussures et baskets à vos pieds dans la gamme de produits TCX !"
"14"|"AGV"|"1",NULL,NULL,"https://www.dafy-moto.com/images/brand/medium/agv-logo-319.png"|"Fondé en 1947, AGV est le spécialiste des casques de moto haut de gamme. La marque italienne arbore des designs originaux et des couleurs vives que l'on retrouve lors des courses de MotoGP notamment sur la légende Valentino ROSSI. Si AGV est réputé en compétition grâce à ses casques intégraux en fibres, la marque propose également des casques modulables pour les aventuriers à la recherche de polyvalence, des casques jet pour une conduite plus urbaine mais aussi des casques cross pour les amoureux des chemins."
"15"|"SHOT"|"1",NULL,NULL,"https://www.dafy-moto.com/images/brand/medium/shot-393.png"|"La marque Shot apparaît dans les années 90. Elle s’est rapidement imposée parmi les marques leaders du marché européen grâce à une gamme complète spécialisée dans l’équipement du motard tout-terrain. Toutes les disciplines sont concernées par la gamme de produits Shot : cross, enduro, quad et trial. Que vous soyez débutant, pratiquant en loisir, ou pilote aguerri, pratiquant en compétition, la gamme est assez étoffée pour tous: que vous soyez à la recherche d'un casque tout-terrain, de gants ou encore d'un masque ou d'un pantalon tout-terrain, Shot aura su développer un équipement à la hauteur de vos attentes. Développée pour répondre aux plus hautes exigences des pilotes engagés en compétitions mondiales, la marque mise sur le confort et la technicité des produits pour se distinguer. Découvrez également les promos Shot !"
"16"|"VQUATTRO"|"1",NULL,NULL,"https://www.dafy-moto.com/images/brand/medium/logo-preload-268.png"|"Vquattro Design® est une marque du groupe Ridervalley, spécialisée dans le développement de baskets et de gants de moto. La marque mise avant tout sur la sécurité des motards et propose une large gamme de produits répondant aux normes européennes d’équipement de protection individuelle. L’offre Vquattro, positionnée sur les segments road et sport, s’est enrichie de nouvelles gammes et vous propose désormais, en plus des blousons de moto, des vestes et des vêtements  anti-pluie."
"17"|"100%"|"1",NULL,NULL,"https://www.dafy-moto.com/images/brand/medium/100pour100.png"|"Depuis 1980, 100% est l'un des emblèmes du motocross américain. Les amateurs de MX sont particulièrement attirés par les masques cross, les gants et le sportswear. 100% propose des équipements techniques et de qualité dont les fameux masques Strata, Racecraft ou encore Accuri. Cette marque est un incontournable dans la pratique du moto cross et de l'enduro"
"18"|"ABUS"|"1",NULL,NULL,"https://www.dafy-moto.com/images/brand/medium/abus.png"|"Optez pour une sécurité optimale avec Abus. Appréciez la fiabilité et la longévité des produits du fabricant Allemand, depuis 1924. Laissez votre moto dans la rue ou dans un parking sans stress avec les bloque-disques. Compact, léger et facile à transporter simplifiez vos trajets et dissuadez quiconque voulant voler ou utiliser votre belle sans votre accord. Alliant sécurité, système d‘alarme et protection, l’achat d’un antivol moto vous permettra la meilleure protection et vous resterez rassuré en toute situation. N’ayez plus peur de laisser votre moto sans surveillance et profitez de vos sorties en roulant protégé !"
"19"|"ACERBIS"|"1",NULL,NULL,"https://www.dafy-moto.com/images/brand/medium/acerbis.png"|"Restez protégé sur le terrain avec les équipements moto Acerbis. Faites confiance au savoir-faire italien, depuis 1973, pour vos protège-mains. N’ayez plus peur des éléments naturels, comme la boue ou les cailloux, pendants vos courses cross avec les protections pare-pierres étudiées pour vous garantir ventilation et protection quelques soient les conditions. Ridez avec des bottes tout-terrain confortables et résistantes, fabriquées à partir de matériaux innovants. Faites place à la victoire sans plus attendre."
"20"|"AIROH"|"1",NULL,NULL,"https://www.dafy-moto.com/images/brand/medium/airoh.png"|"Reconnu dans le milieu du cross et de l’enduro notamment avec son célèbre casque cross Aviator, Airoh équipe les plus grands pilotes comme Antonio CAIROLI. Une technologie à la pointe, un poids défiant toute concurrence et un montage à la main font de Airoh un des leaders en termes de casque moto. Le fabricant passe par différents process de fabrication pour concevoir des casques qui résisteront à toutes les chutes. Casque cross, casque intégral, casque jet, casque modulable et même des casques trial, la marque italienne Airoh séduit tous les motards. C'est ainsi que la marque est présente sur tous les terrains MX, moto cross et tout-terrain du monde. Un savoir faire artisanal, un design éprouvé et une expérience acquise sur le terrain font de Airoh une marque moto incontournable."
"21"|"ARAI"|"1",NULL,NULL,"https://www.dafy-moto.com/images/brand/medium/arai.png",
"22"|"ATHENA"|"1",NULL,NULL,"https://www.dafy-moto.com/images/brand/medium/athena.png"|"Athena est une société fondée en 1973 produisant des articles techniques, des joints et des composants métalliques pour le monde de la moto. Athena dispose d'une branche de production totalement dédiée à la production de pièces after market pour la moto: joints, kit cylindre, joints de carter, spy de fourche, joints de moteur, joints d'échappement, pistons et pièce de rechange pour toutes les motos disponible. Cette organisation a ainsi permis à Athena d'établir l'un des catalogues de pièces le plus complet du monde. En plus de la production de joints, le fabricant conçoit également des joints spy, des filtres mais aussi des caches poussières identiques à la monte original. Les pièces de remplacement Athena vous garantissent un haut niveau de qualité, travaillées par une équipe perfomante, poussée par l'innovation, la compétitivité et l'envie de satisfaire tous les porpriétaire de moto."
"23"|"AUVRAY"|"1",NULL,NULL,"https://www.dafy-moto.com/images/brand/medium/auvray-346.png"|"Auvray, leader français des antivols deux-roues, existe depuis plus de  30 ans déjà ! La marque fabrique et conçoit des antivols pour motos  et scooters classés SRA. Votre véhicule sera ainsi en sécurité et en bonne compagnie ! Possédant une large sélection d'antivols, Auvray ne cesse  d’innover pour  concevoir des antivols haute-sécurité qui soient à la fois pratique à  transporter et à utiliser. Antivols U, chaînes, bloques disques,  antivols câbles... Tous les produits bénéficient des matériaux les plus efficaces en matière de protection ainsi que les dernières technologies. Une qualité et une résistance optimale de votre antivol moto, pour une protection maximale !"
"24"|"BAGSTER"|"1",NULL,NULL,"https://www.dafy-moto.com/images/brand/medium/logo-301.png"|"BAGSTER est LE spécialiste français en bagagerie et sellerie pour motos et scooters : de la bagagerie souple en passant par la bagagerie rigide, BAGSTER a plus d'un tour dans son sac ! Avec plus de trente ans d'expérience, la marque BAGSTER est connue et reconnue par tous les motards pour son savoir-faire et la qualité de ses produits incluant des sacs à dos, sacoches de réservoirs, des tapis de réservoir, des sacs à casques ainsi que des manchons."
"25"|"BALTIK"|"1",NULL,NULL,"https://www.dafy-moto.com/images/brand/medium/baltik.png"|"Ne stoppez pas vos balades à moto à cause du froid ou de la pluie et faites confiance à la marque Baltik, entièrement développée par Dafy. Soyez sûr d’être toujours au sec dans les combinaisons de pluie 100% étanches et composées de manchons poignets bloque-vent. Et en parlant du vent ! Restez au chaud avec nos équipements anti-froid. Les sous-vêtements thermiques Baltik doux et confortables vous procureront une sensation de chaleur tout au long de vos sorties. Alors n’hésitez plus et parcourez les routes par tous les temps !"
"26"|"BELGOM"|"1",NULL,NULL,"https://www.dafy-moto.com/images/brand/medium/belgom.png"|"Parce que l’entretien de votre moto est un élément important, faites confiance à Belgom, une célèbre marque française de produits d’entretien. Faites briller votre belle avec les nettoyants alu et chromes. Tout en profitant d’un polissage doux et sans rayures pour offrir à votre moto tout l’éclat dont elle rêve et dont vous rêvez également. Et pour plus de brillance optez pour le lustreur ultra protecteur à l'oxyde de titane pour une brillance éclatante et une protection longue durée. Prenez soin de votre moto sans plus attendre et ne passez pas inaperçu sur les routes !"
"27"|"BIKERS"|"1",NULL,NULL,"https://www.dafy-moto.com/images/brand/medium/bikers.png",
"28"|"BOLLÉ"|"1",NULL,NULL,"https://www.dafy-moto.com/images/brand/medium/bolle-281.jpg",
"29"|"BRIDGESTONE"|"1",NULL,NULL,"https://www.dafy-moto.com/images/brand/medium/bridgestone.png"|"Fondé en 1931, Bridgestone se place parmi les plus grands manufacturiers de pneus moto. Les pneus Bridgestone jouissent des toutes dernières technologies issues de la compétition pour le plus grand bonheur de ses utilisateurs routiers ou urbains. Une large gamme de pneus moto vous est proposée de la sportive à la routière en passant par le custom et sans oublier les pneus trails et pneus piste !"
"30"|"BUFF"|"1",NULL,NULL,"https://www.dafy-moto.com/images/brand/medium/buff.png",
"31"|"CARDO"|"1",NULL,NULL,"https://www.dafy-moto.com/images/brand/medium/cardo.png"|"Cardo, la marque d'intercom pour moto, innove avec son système de communication premium qui révolutionne la balade en groupe. Leader sur le marché des casques de communication sans fil pour moto, les intercoms, tout comme les micros-casque, trouveront vite leurs places lors de vos déplacements quotidiens. Ne perdez plus le contact, intensifiez-le !"
"32"|"CHATTERBOX"|"1",NULL,NULL,"https://www.dafy-moto.com/images/brand/medium/chatterbox-159.jpg",
"33"|"COOCASE"|"1",NULL,NULL,"https://www.dafy-moto.com/images/brand/medium/coocase.png",
"34"|"DAFY MOTO"|"1",NULL,NULL,"https://www.dafy-moto.com/images/brand/medium/logo_dafy-290.png"|"Le Groupe Dafy, après avoir développé ses propres marques de vêtements moto, de bagagerie et de casques moto, a développé toute une gamme d’accessoires et d’entretien de la moto. Vous retrouverez divers accessoires et outillages très utiles comme des ampoules, des clignotants, des rétroviseurs moto, des sangles, des guidons moto, des antivols, etc… Mais aussi toute une gamme d’huile et de produits d’entretien, tels que graisse-chaîne, liquide de freins, polish, et bien d’autres."
"35"|"DIES"|"1",NULL,NULL,"https://www.dafy-moto.com/images/brand/medium/dies.png"|"DIES, c’est une gamme de casques moto développés par Dafy, déclinés de l’intégral route au casque cross en passant par le casque jet. Design moderne aux décos élégantes et racées, protection et homologations les plus rigoureuses, confort pullman, équipement haut de gamme ou encore poids et tarif contenus, tout ceci participe au choix d’un casque à la pointe de son époque, pour une efficacité garantie au quotidien."
"36"|"DISTRICT"|"1",NULL,NULL,"https://www.dafy-moto.com/images/brand/medium/district.png"|"District est une marque de vêtements de moto 100%  « esprit urbain » développée par Dafy. Conscient des nouvelles attentes des scootéristes, du 50cc au maxi-scoot, District s’impose comme la marque city par excellence en alliant confort, liberté et élégance."
"37"|"DRIFT"|"1",NULL,NULL,"https://www.dafy-moto.com/images/brand/medium/drift.png",
"38"|"DRWACK"|"1",NULL,NULL,"https://www.dafy-moto.com/images/brand/medium/drwack.png"|"Présent sur la plupart des marchés européens et n°1 en Allemagne, Docteur Wack s’impose comme le must des produits d’entretien pour le cuir, le textile et le casque moto. La marque est allemande et signe des produits d’un haut niveau de qualité et d’efficacité. La gamme se compose d’une douzaine de produits étudiés et produits avec des technologies de pointe pour un équipement toujours resplendissant."
"39"|"DUNLOP"|"1",NULL,NULL,"https://www.dafy-moto.com/images/brand/medium/dunlop.png"|"Dunlop a été le premier manufacturier à transposer les performances de ses pneus moto de compétition à un usage routier. En Europe, au Japon et en Amérique du Nord, les ingénieurs et concepteurs s'appuient sur une infrastructure de recherche et développement résolument mondiale, permettant de soumettre rapidement les innovations au plus implacable des terrains d'essais, la compétition de sport mécanique. Parmi les nombreuses innovation de Dunlop, il faut citer les pneus taille basse, les constructions radiales, la pulpe de Kevlar, toutes directement issues de l'engagement passionné dans le monde des sports mécaniques."
"40"|"EBC"|"1",NULL,NULL,"https://www.dafy-moto.com/images/brand/medium/ebc.png",
"41"|"ERMAX"|"1",NULL,NULL,"https://www.dafy-moto.com/images/brand/medium/ermax.png"|"La société Ermax a été créée en 1978 à Marseille et fabrique dans son usine de 6000m² des pièces plastiques thermoformées pour motos et scooters.  Ermax vous propose des bulles, pare-brises, saute-vent, mais aussi des pièces peintes : garde-boue, passages de boue, supports de plaque."
"42"|"EUROP ACC"|"1",NULL,NULL,"https://www.dafy-moto.com/images/brand/medium/europ-acc-160.jpg",
"43"|"FIVE"|"1",NULL,NULL,"https://www.dafy-moto.com/images/brand/medium/logo_five-295.png"|"La marque FIVE, spécialiste des gants moto de très haute qualité, conçoit et développe ses produits autour de 3 valeurs principales : protection, confort et design. Créée par Franck Fazio, la marque FIVE est rapidement devenue une référence appréciée et reconnue par tous les motards passionnés, professionnels ou amateurs, sur route, circuit ou tout-terrain. Les gants de moto tout-terrain FIVE se distinguent par leur finition haut de gamme ainsi que par leurs matériaux de haut niveau : cuir, textile fin mais résistant. Tous les motards seront conquis, même ceux cherchant des gants racing !"
"44"|"FORCE ONE"|"1",NULL,NULL,"https://www.dafy-moto.com/images/brand/medium/forceone-264.png",
"45"|"FORMA"|"1",NULL,NULL,"https://www.dafy-moto.com/images/brand/medium/forma_white_base-291.jpg"|"Forma est une marque italienne créée en 1999 et spécialiste de la conception de bottes de moto. Au départ, Centre de Recherche et Développement, l’entreprise a construit, au début des années 2000, ses propres usines de production. La marque est reconnue dans le monde entier pour ses qualités d’innovation en la matière et les bottes Forma sont distribuées dans plus de 60 pays différents. Forma propose à son catalogue des bottes racing, des bottes touring et également des bottes tout-terrain, mais aussi des dorsales et des baskets moto. Tous ces accessoires reflètent le savoir faire de la marque italienne."
"46"|"FOX"|"1",NULL,NULL,"https://www.dafy-moto.com/images/brand/medium/logo_fox-352.jpg"|"1974 voit naître la marque américaine Fox Racing, aujourd’hui emblématique dans le monde du motocross. Fox confectionne, réalise et équipe les pilotes amateurs et professionnels, mais surtout des champions du monde, en commençant par Brad Lackey remportant le premier championnat du monde de Motocross ! Avec plus de 40 victoires au compteur, la marque voit sa renommée grandir. Fox connait les besoins de ses pilotes et les équipe de la tête aux pieds, du casque aux bottes, en passant par le maillot, le pantalon et les gants tout-terrain. C'est cette symbiose du savoir-faire et l’expérience, acquise sur les terrains les plus complexes, qui permettent à Fox Racing de développer et améliorer ses technologies pour vous équiper durant les années futures !"
"47"|"FRANCE ANTIVOL"|"1",NULL,NULL,"https://www.dafy-moto.com/images/brand/medium/france-antivol.png"|"France Antivol existe depuis 1981 et fabrique des antivols pour motos et scooters, tous homologués (classe SRA et certifiés NF/FFMC). Acteur incontournable sur le marché du 2-roues, France Antivol ne cesse d’innover pour concevoir des antivols haute-sécurité qui soient à la fois pratique à transporter et à utiliser. Antivols U, chaînes, bloques disques, antivols articulés, antivols câbles, tous les produits ont été conçus pour garantir une protection optimale de votre 2-roues."
"48"|"FRANCE EQUIPEMENT"|"1",NULL,NULL,"https://www.dafy-moto.com/images/brand/medium/france-equipement.png"|"France Equipement, c’est la référence de l’accessoire moto avec plus de 30 ans d’expérience dans la production de pièces motos, quads et pièces scooters. L’entreprise met en avant le respect de valeurs fortes : le made in France, l’engagement et le sens de la relation clients. Elle est également très présente en compétition pour rester toujours au top de la technologie. L'accessoiriste propose des batteries de moto, des disques de frein et tout le nécessaire pour l'entretien de votre moto : des kits chaine, graisse, pignons, leviers...France Equipement, c'est l'indispensable dans le monde de la moto."
"49"|"FREEGUN"|"1",NULL,NULL,"https://www.dafy-moto.com/images/brand/medium/logofreegun-388.png"|"Découvrez Freegun, la marque des sportifs depuis 2007. Elle est spécialisée dans les  vêtements et accessoires streetwear et de sports extrêmes, toutes disciplines confondues : stunt, mais aussi jet ski, paint ball, etc… Elle sponsorise de nombreux pilotes de haut niveau, ce qui a largement contribué à sa renommée actuelle. Le fabricant français se distingue par le graphisme et le design de ses produits, qui font toujours preuve de beaucoup de créativité, dans un style très coloré et décalé. Pour vous les accros du cross optez pour des coloris originaux pour votre casque tout-terrain. Eblouissez vos adversaires avec un pantalon au design original. Restez libre sur le terrain avec un maillot vous offrant une souplesse maximale et choisissez l’innovation Freegun pour vos gants tout-terrain. Design affirmé, couleurs explosives, protections et passion : restez fun pendant vos compétitions !"
"50"|"GARMIN"|"1",NULL,NULL,"https://www.dafy-moto.com/images/brand/medium/garmin.png"|"A la recherche d'aventure, de nouvelles routes, de nouveaux trajets et de destinations exotiques ? Ou juste un besoin d'arriver avec certitude à votre destination ? Les GPS Garmin peuvent vous aider à trouver votre chemin. Une lisibilité exemplaire, une utilisation simple et rapide, vous ne vous perdrez plus sur la route. Avec un support moto, un cable d'alimentation, vous serez parés pour de nouvelles aventures ! Les GPS Zumo sont disponibles en différentes tailles en fonction de votre moto. Déterminez votre destination et suivez le guide !"
"51"|"GIVI"|"1",NULL,NULL,"https://www.dafy-moto.com/images/brand/medium/givilogo-2-251.jpg"|"Spécialiste italien de la bagagerie moto et scooter, Givi est réputé pour son savoir-faire et la qualité irréprochable de ses produits. Depuis plus de 40 ans, innovation et qualité sont les maitre-mots de Givi. En matière de bagagerie moto, Givi a plus d'un tour dans son sac : sac à dos, sac de selle, sacoche de réservoir, valise et top-case. Avec Givi, soyez sûr de trouver une bagagerie souple ou rigide de qualité pour votre moto ou votre scooter !"
"52"|"GS27"|"1",NULL,NULL,"https://www.dafy-moto.com/images/brand/medium/gs27-253.png"|"GS27 est une marque française, leader sur le marché de l’entretien automobile. Elle propose une ligne de produits dédiés à l’entretien moto. Avec plus de 40 années d’expérience dans le domaine, l’entreprise a su développer des produits de plus en plus innovants et efficaces pour répondre aux besoins des utilisateurs. La gamme, vous permettra de trouver le produit qui vous convient : lustreur, nettoyant, graisse, rénovateur,… tout y est !"
"53"|"GYRON"|"1",NULL,NULL,"https://www.dafy-moto.com/images/brand/medium/logo_gyron.png",
"54"|"HIFLOFILTRO"|"1",NULL,NULL,"https://www.dafy-moto.com/images/brand/medium/hiflofiltro.png"|"Hiflofiltro est une marque premium de filtres à huile et filtres à air pour motos, scooters et quads. Conçus avec des normes de qualité extrêmes, les filtres Hiflofiltro offrent un niveau de protection pour le moteur et des performances imbattables. La marque fournit au client final les filtres de rechange, mais elle fournit également les fabricants d’équipements d’origine, depuis 1955."
"55"|"IMC-CRÉATION"|"1",NULL,NULL,"https://www.dafy-moto.com/images/brand/medium/IMC-Creation.png",
"56"|"JT RACING"|"1",NULL,NULL,"https://www.dafy-moto.com/images/brand/medium/new-jt-logo-285.jpg"|"JT Racing est une marque américaine d'équipement moto cross, née dans les années 1960. Elle a été créée par un couple ayant développé des chaussettes de cross spécifiques. Ils ont peu à peu étendu leur gamme de produits et trouvé des distributeurs. Dans le milieu des années 70, la croissance de JT Racing est fulgurante, comme celle de la discipline ! L’entreprise signe des contrats avec les meilleurs pilotes américains de l’époque, qui deviennent des champions reconnus ! JT Racing livre les plus produits les plus innovant et les plus stylé sur son marché tout en élevenat le niveau de sécurité. Le niveau de personnalisation des maillots JT Racing permettra de vous différencier et de vous rendre unique, tout comme la marque le fait avec ses pilotes. Terminez votre panoplie avec un pantalon tout-terrain de la marque !"
"57"|"K&N"|"1",NULL,NULL,"https://www.dafy-moto.com/images/brand/medium/k-n.png"|"K&N est le spécialiste des filtres à air et filtres à huile pour tous types de véhicules motorisés. Avec une expérience de plus de 30 ans, K&N propose des filtres de qualité supérieure offrant des performances inégalables. K&N est le premier fabricant a avoir inventé le filtre à air en coton réutilisable. C'est aussi le premier fabricant à fabriquer des filtres à air lavables. Proposant des filtres à huile mais aussi des filtres à air, K&N distribue ses produits dans plus de 30 pays dans le monde. Avec plus de 5000 références dans son catalogue, vous trouverez obligatoirement votre le filtre adapté à votre moto."
"58"|"KIT BRAKE"|"1",NULL,NULL,"https://www.dafy-moto.com/images/brand/medium/kit-brake.png",
"59"|"KYOTO"|"1",NULL,NULL,"https://www.dafy-moto.com/images/brand/medium/kyoto_logo-260.png"|"Kyoto est une marque japonaise, spécialiste dans la fabrication d’accessoires moto. Elle propose à la fois du consommable et des pièces techniques. La gamme de produits est très large : bloque fourche, câble de gaz, câble d'embrayage, transmission, freinage, batterie, pièces détachées moto et scooter, vous retrouvez tout le nécessaire pour l’entretien de votre 2-roues. Kyoto propose également des disques de frein ou d'embrayage, des leviers, des filtres à huile et des filtres à air pour votre moto. Sans oublier des sélecteurs forgés et spy de fourche !"
"60"|"ASTONE"|"1",NULL,NULL,"https://www.dafy-moto.com/images/brand/medium/astone-241.png"|"Astone Helmets® est une marque française dédiée aux casques moto. La gamme de casques proposée par la marque est très vaste et permet ainsi de répondre aux besoins de tous, quels que soient vos besoins : casque intégral, casque jet, modulable, femme, enfant, casque cross. Les casques développés par la marque répondent aux normes de sécurité en vigueur et font l’objet de certification en laboratoire. A ce titre, tous les casques Astone rentrent dans la catégorie des Equipements de Protection Individuelle."
"61"|"LUMA"|"1",NULL,NULL,"https://www.dafy-moto.com/images/brand/medium/luma-163.jpg",
"62"|"MAD"|"1",NULL,NULL,"https://www.dafy-moto.com/images/brand/medium/logomad.jpg-337.jpg",
"63"|"MARVING"|"1",NULL,NULL,"https://www.dafy-moto.com/images/brand/medium/marving-164.png",
"64"|"MECACYL"|"1",NULL,NULL,"https://www.dafy-moto.com/images/brand/medium/mecacyl.png",
"65"|"MEIWA"|"1",NULL,NULL,"https://www.dafy-moto.com/images/brand/medium/meiwa.png"|"Meiwa est un fabricant japonais de filtre à huile et de filtre à air moto. Partenair technique LCR HONDA MOTOGP  team, Meiwa développe, à Shizuoka au Japon, des pièces et accessoire de remplacement. La marque a développé sons sytème Multi Stage Filtration afin de garantir une filtration parfaite sans particules ni impurtées de l'huile moteur. Les filtres à huile Meiwa garantissent ainsi une pression d'huile constante et un flux propre de votre huile, nécessaire pour votre moteur. les même attentions sont apportées concernant la fabrication des filtes à air. La protection de votre moteur est garantie avec les filtres à air et filtres à huile Meiwa !"
"66"|"METZELER"|"1",NULL,NULL,"https://www.dafy-moto.com/images/brand/medium/metzeler.png"|"Fondée en 1863, la société Allemande Metzeler est une entreprise de pneumatique historique. À l'origine producteur de caoutchouc et plastique, c'est dès 1892 que la société s'intéresse à la conception de pneus moto. Depuis, Metzeler produit exclusivement des pneus motos depuis 1979. Ce manufacturier profite de son expérience et met au point de nombreuses technologies sur ses pneus actuels comme le Contour Modelling System prévu pour les hautes performances de conduite des motos récentes ou encore le Fine Carbon Matrix destiné à garantir un plus haut niveau d'adhérence. Le fabricant dispose également de la technologie Interact™, permettant d'offrir des performances optimales dans toutes les conditions. Metzeler est aussi leader en enduro avec 22 titres au cours de ces 9 dernières années. Que vous rouliez sur route, sur circuit, ou en tout-terrain, Metzeler est un choix de pneus moto parfaitement compatible avec votre pratique du 2 roues."
"67"|"PNEUS MOTO MICHELIN"|"1",NULL,NULL,"https://www.dafy-moto.com/images/brand/medium/michelin-315.png"|"Créée en 1889 la société Michelin est basée à Clermont-Ferrand. Elle conçoit et fabrique des pneumatiques pour tous types de véhicules. Avec 360 victoires de 1976 à 2008 en Moto GP, 26 titres mondiaux, 14 titres de Champion d'Europe d'Endurance, 13 victoires aux 24 Heures du Mans Moto et 13 victoires au Bol d'Or, Michelin dispose d'un palmarès inégalé et d'un savoir-faire de pointe en matière de pneus moto. Inscrite dans les gènes de l'entreprise, la compétition est pour Michelin un laboratoire technologique au service de l'innovation. L'innovation est le moteur de Michelin qui propose depuis toujours des pneus moto dont l'équilibre des performances est sans compromis : niveau de grip, constance et polyvalence se retrouvent dans les solutions mises en œuvre. Les compétences et le savoir-faire du manufacturier se retrouve sur tous les terrains, la piste mais aussi sur la route et en ville !"
"68"|"MONSTER ENERGY"|"1",NULL,NULL,"https://www.dafy-moto.com/images/brand/medium/monster-energy-logo-on-white-308.png"|"Monster Energy est à la base une boisson énergisante lancée en 2002, reconnaissable par son logo représentant une triple griffure verte qui rappelle la lettre M. Monster Energy investit très peu en publicité mais mise tout sur le sponsoring de sports extrêmes pour se faire connaître, dont la moto, et le bmx. Forte de cette présence dans le sport, la marque développe et fabrique désormais des vêtements et accessoires sportswear (t-shirt, casquette, bonnet,…)."
"69"|"MOTUL"|"1",NULL,NULL,"https://www.dafy-moto.com/images/brand/medium/motul.png"|"Motul, c’est 150 ans d’histoire ! L’entreprise est française et spécialiste dans la conception, l’élaboration et la distribution de lubrifiants pour moteurs. Huiles moteur Motul, graisses, liquide de frein, liquide de refroidissement, tout est là pour l’entretien complet de votre moto. Motul pousse toujours plus loin les innovations en matière de lubrifiant. En proposant des huiles moteur semi-synthèse puis 100% synthèse par la suite, Motul s'offre une place de choix dans le secteur de la mécanique. Motul propose un gamme d'huile moteur pour moto depuis plus de 80 ans ! L'expértise de la marque n'est plus à démonter pour le choix de votre huile et lubrifiant."
"70"|"MUC OFF"|"1",NULL,NULL,"https://www.dafy-moto.com/images/brand/medium/muc-off.png",
"71"|"NGK"|"1",NULL,NULL,"https://www.dafy-moto.com/images/brand/medium/ngk.png"|"NGK est un grand groupe international naît au Japon qui commercialise entre autres des bougies d’allumage et de préchauffe pour les constructeurs automobiles (équipement d’origine) et alimente le marché de la rechange pour l’auto, les cyclomoteurs, les motos et d’autres secteurs de l’industrie. NGK s'attache a fournir des produits de qualité, répondant aux nouvelles exigences économique et écologique. L'exigence et l'expertise de NGK dans son domaine sont mondialement reconnues. Son savoir faire est devenu une référence auprès des  constructeurs, distributeurs et dans réparateurs dans l'univers de l'automobile comme de la moto."
"72"|"NO FEAR"|"1",NULL,NULL,"https://www.dafy-moto.com/images/brand/medium/no-fear.png",
"73"|"NOLAN"|"1",NULL,NULL,"https://www.dafy-moto.com/images/brand/medium/nolan.png"|"Nolan est un fabricant italien de casques pour motos et scooters. Les marques Nolan®, X-lite®, Grex® et N-Com® sont les quatre piliers du Groupe Nolan. Le Groupe Nolan est synonyme de technologie, de sécurité et de design. Un laboratoire interne et certifié permet de garantir la sécurité et la qualité des produits."
"74"|"OVERLAP"|"1",NULL,NULL,"https://www.dafy-moto.com/images/brand/medium/overlap.png"|"Overlap est une marque du groupe RiderValley, spécialisée dans la conception et le développement de vêtements et chaussures de moto. Précurseur avec les pantalons et jeans de moto, la gamme s’est enrichie avec des vestes moto cuir et des chaussures cuir typées urbaines et vintages pour la moto. La marque complète son offre avec des gants de moto. Overlap allie style et sécurité pour répondre aux utilisateurs des 2 roues, masculins et féminins. C'est une marque qui rappelle toute cette ambiance, cette odeur d'huile, d'essence et de mécanique aussi authentiques que la collection proposée par le fabricant."
"75"|"OXFORD"|"1",NULL,NULL,"https://www.dafy-moto.com/images/brand/medium/oxford-303.png"|"Faites confiance à Oxford pour vos accessoires et équipement moto. Depuis 1973, la marque anglaise fabrique et développe des accessoires moto afin de vous rendre la conduite à deux-roues plus agréable. Oxford vous propose une large gamme de produits allant du bloque disque au tour de cou, en passant par le sac à casque. Reconnus pour leur conception innovante, avec l’impression 3D et la recherche de la meilleure expérience à moto. Laissez-vous séduire par la qualité anglaise distribuée dans plus de 60 pays et possédant une filiale en Amérique du Nord. Roulez libre et sans encombre avec des produits de qualité."
"76"|"PINLOCK"|"1",NULL,NULL,"https://www.dafy-moto.com/images/brand/medium/logo_pinlock.png"|"Le Pinlock est un invention majeure de ces dernières dans le monde de la moto. Le problème de buée et de condensation à l'intérieur du casque moto, qui a vu passer toutes les expériences et méthodes les plus extrèmes, trouve avec un écran Pinlock, la fin de son existence. Un écran Pinlock améliore la visibilité des conducteurs de moto. Simple à mettre en place, son emplacement est aujourd'hui prévu par tous les fabricants de casque qui y ajoutent aujourd'hui leur propre version d'origine. Vérifiez toujours la compatbilité de votre casque avec un écran Pinlock car il existe autant de versions que de modèles de casques. L'installation de ce film anti-buée se réalise en quelques minutes et est à la portée de tous !"
"77"|"PIRELLI"|"1",NULL,NULL,"https://www.dafy-moto.com/images/brand/medium/pirelli.png"|"Pirelli utilise toute son expertise en provenance de la compétition, comme au sein du WSBK ou du Championnat du Monde Motocross, pour développer des pneus moto pour les pilotes qui veulent gagner et repousser leurs limites en toutes situations. L'activité compétition et pneus pistes a toujours été le laboratoire principal afin de développer au quotidien les pneus moto Pirelli les plus performants, qui ne sont pas des prototypes, mais des pneus moto disponibles pour tous les motards sur les différents marchés. Pirelli propose également toutes une sélection de pneus pour toutes les utilisations : Que vous rouliez sur route, en trail, en custom, de façon sportive ou en scooter en ville il existe toujours des pneus pour votre 2...ou 3 roues !"
"78"|"PRINT"|"1",NULL,NULL,"https://www.dafy-moto.com/images/brand/medium/print-252.png"|"Print propose toute une gamme de protège réservoir et d'autocollant pour votre moto permettant de lui épargner toutes les éraflures. Que vous souhaitiez lui épargner ce traitement ou pour simplement la personnaliser, les produits de la gamme Print sont universels et s'appliqueront sur tous les modèles de moto. Faciles à mettre en place, pourquoi s'en passer ? Print assure également votre sécurité avec des réflecteurs de casque. Ils permettront également de personnaliser votre casque tout en vous assurant d'être parfaitement visible en toute circonstance !"
"79"|"PROGRIP"|"1",NULL,NULL,"https://www.dafy-moto.com/images/brand/medium/progrip.png"|"Les produits de la marque Progrip sont fabriqués par une entreprise italienne du nom de Plastiche Cassano, qui bénéficie d’une expérience forte de ses plus de 60 années d’existence. Elle s’est fait son nom tout d’abord grâce à sa production de poignées de guidon moto fabriquées en corne de buffle, puis après guerre, en plastique. Après avoir été un fabricant de bouton en plastique, Plastiche Cassano, par l'intermédiaire de Progrip, a décliné son savoir faire pour la conception et fabrication de masque de motocross et trial. Le contrôle qualité est aussi une étape importante dans la fabrication des produits de la marque garantissant ainsi un haut niveau de fabrication pour un prix très attractif."
"80"|"REGINA"|"1",NULL,NULL,"https://www.dafy-moto.com/images/brand/medium/reegina.png",
"81"|"REV'IT"|"1",NULL,NULL,"https://www.dafy-moto.com/images/brand/medium/revit.png"|"Fondée en 1995 aux Pays-Bas, la marque REV'IT s'est rapidement distinguée pour ses équipements de moto. REV'IT possède une large gamme de vêtements moto pour homme et femme : blousons et vestes en textile et cuir, pantalons, chaussures et bottes de moto. Alliant qualité et confort, les équipements REV'IT convaincront tous les motards passionnés ! Avec sa gamme route et trail, REV'IT a progressivement développé son offre, notamment avec des combinaisons en cuir de haute qualité. Sans oublier les matériaux exceptionnels pour assurer une sécurité optimale ainsi que des homologations et certifications, gages de fiabilité."
"82"|"RICHA"|"1",NULL,NULL,"https://www.dafy-moto.com/images/brand/medium/richa.png",
"83"|"RIO"|"1",NULL,NULL,"https://www.dafy-moto.com/images/brand/medium/rio.png"|"Avec son équipe de Recherche & Développement toujours à l’affût de créations pour combler de bonheur les yeux, le besoin de confort et de technologie, et le portefeuille des motards connus, reconnus et écoutés depuis 1974, le groupe Dafy lance aujourd’hui la marque de casques moto Rio.Que vous rouliez en 50cc ou en Maxi Scoot, et quel que soit votre style de conduite, vous trouverez forcément casque dans la gamme Rio qui propose un casque jet, un intégral et un casque modulable."
"84"|"S-LINE"|"1",NULL,NULL,"https://www.dafy-moto.com/images/brand/medium/sline-166.jpg",
"85"|"SAPHIR"|"1",NULL,NULL,"https://www.dafy-moto.com/images/brand/medium/saphir.png",
"86"|"SBS"|"1",NULL,NULL,"https://www.dafy-moto.com/images/brand/medium/sbs_log-269.png"|"Les produits SBS offre un très haut niveau de qualité, tant pour la pratique de la moto en loisir, que pour une pratique de compétition de haut niveau. SBS propose la gamme de produits la plus complète du marché, avec des plaquettes de frein pour toutes les pratiques : route, tout-terrain, piste et scooter."
"87"|"SCHUBERTH"|"1",NULL,NULL,"https://www.dafy-moto.com/images/brand/medium/schuberth_logo-293.png"|"Schuberth fabrique des casques de moto depuis 1954. La marque allemande propose une large sélection de casques, du jet au modulable en passant par le casque intégral. La fiabilité est le point fort de Schuberth, à l'image du C3 Pro, casque modulable le plus réputé de la marque. Les casques Schuberth se positionnent sur un segment haut de gamme du deux roues : ils sont fabriqués à partir de matériaux de haute qualité. Les casques moto Schuberth n'ont qu'une vocation ! Conquérir le monde et être présents sur toutes les routes et chemins du monde. Motos ou scooters, pour les motards exigents, les sportifs à la recherche de la perfection et les aventuriers des grands espaces. Schuberth répond présent avec une sélection de casques et d'acccessoires qui permettront de rendre votre équipement unique : téléphonez, naviguez ou communiquez avec votre passager en toute simplicité avec des éléments de communication et géolocalisation qui s'intègreront parfaitement à votre casque. Schuberth, c'est l'amour du détail !"
"88"|"SEGURA"|"1",NULL,NULL,"https://www.dafy-moto.com/images/brand/medium/segura.png"|"Depuis plus de 30 ans, la marque Segura est restée fidèle aux principes et valeurs de ses débuts : esprit racing, style, liberté et vintage. C’est une marque de passion par excellence : passion de la course et passion de la qualité. Elle bénéficie d’un savoir-faire né de la compétition qu'elle transmet dans la confection de vêtements de moto pour hommes et femmes. Ce savoir-faire, ces compétences permettent à Segura de proposer une gamme complète d'accessoires et de vêtements de moto. L'univers Segura se retrouve dans les blousons de moto de la marque, dans la confection de ses gants moto ou encore dans la réalisation des pantalons."
"89"|"EQUIPEMENT MOTO SENA"|"1",NULL,NULL,"https://www.dafy-moto.com/images/brand/medium/sena.png"|"Sena est une marque américaine reconnue, lancée en 1998 aux Etats-Unis, spécialisée dans le développement de systèmes de communication bluetooth dédiés à l’usage du 2-roues. Elle s’est peu à peu développée sur le marché européen depuis 2010 et s’impose désormais comme la marque référente. Elle propose une quinzaine d’intercoms moto disponibles par paire ou en solo, pouvant s’utiliser avec tous types de casques de moto : intégral, jet ou modulable."
"90"|"SHAD"|"1",NULL,NULL,"https://www.dafy-moto.com/images/brand/medium/shad.png"|"Shad est la marque de référence dans la fabrication de bagagerie moto (rigide et souple) et selles pour motos. L’entreprise espagnole dessine, produit et distribue ses produits dans le monde entier. La qualité et l’innovation des produits Shad ont fait leur renommée. La marque propose des top-cases, des valises, leurs systèmes de fixation, de la bagagerie souple et waterproof et des selles motos et quads."
"91"|"SIFAM"|"1",NULL,NULL,"https://www.dafy-moto.com/images/brand/medium/sifam.png"|"Le groupe Sifam distribue depuis 1994 sur le marché européen les plus grandes marques de pièces moto. Réparti sur plusieurs entités, Sifam distribue différents produits et grandes marques sur l'ensemble du globe dans le domaine de la moto. Très présent en France, la marque déploie ses compétence sur le reste du monde pour apporter ses produits et compétences au monde de la moto. Le groupe a également développé sa propre gamme de produits et propose sous la marque Sifam des kits chaînes, des plaquettes de frein, des joints moteur, ou encore des tube de fourche. Des pièces moteurs route et tout-terrain qui prendront la place des pièces d'origine de votre moto pour en améliorer les caractéristiques de base."
"92"|"SKF"|"1",NULL,NULL,"https://www.dafy-moto.com/images/brand/medium/skf_logo.svg-278.jpg",
"93"|"SKYRICH"|"1",NULL,NULL,"https://www.dafy-moto.com/images/brand/medium/skyrich-600x315_f4ds-dz-1-338.jpg",
"94"|"SPIDI"|"1",NULL,NULL,"https://www.dafy-moto.com/images/brand/medium/spidi_logo-339.jpg"|"Rares sont les success stories moto pouvant se targuer d'exister depuis plus de 40 ans. Spidi fait bien partie de ce cercle fermé de marques et fabricants d'accessoires de moto depuis 1977. Initialement spécialisé dans la confection de gants de moto, Renato Grana fonde Spidi avec ce simple objectif. Les années passant confortent la position du fabricant, d'abord en Italie, puis à l'internationnal. Spidi s'oriente ensuite vers la fabrication de vêtements techniques, avec une première combinaison moto en 1994. La marque continuera ses recherches dans le monde de la moto en proposant des protections pour pantalons, vestes et blousons... Précurseur également dans la protection individuelle proposant une veste avec airbag intégré, une première ! Spidi est aujourd'hui toujours présent et sa sélection d'accessoires et vêtements moto est des plus complètes : à vous de choisir l'une des marques les plus anciennes pour votre équipement et protection !"
"95"|"TECMATE"|"1",NULL,NULL,"https://www.dafy-moto.com/images/brand/medium/tecmate-161.jpg"|"25 ans déjà que TecMate prend soin de votre batterie. Le fabricant a pour objectif de concevoir des chargeurs de batteries permettant de charger et tester les batteries motos ainsi que de diagnostiquer votre moteur. La marque ne s'arrête pas là, tous les types de batteries sont pris en compte et si vous n'aviez pas réalisé l'entretien de votre batterie plomb-acide AGM, GEL et STD, sachez que les appareils de TecMate sont capables de la remettre sur.... Roues. Aujourd'hui la marque voit plus loin, puisque les chargeurs de batteries peuvent charger, tester et entretenir les batteries lithium (LiFePo4). Pour utiliser les chargeurs de batteries, associez-les avec les câbles de connexion de la marque (connecteur permanent, allume-cigare, SAE...). Durée de vie améliorée, entretien facilité, votre batterie moto sera toujours avec vous et répondra à toutes vos sollicitations !"
"96"|"TECNO GLOBE"|"1",NULL,NULL,"https://www.dafy-moto.com/images/brand/medium/tecno-globe.png"|"Tecno Globe a commencé son activité dans les années 90 en tant que monteur d’alarmes moto. En 2005, la société franchit un cap et l’activité évolue. Les alarmes restent la principale activité, mais la gamme s’étoffe avec l’arrivée des GPS moto, puis des systèmes intercom. L’entreprise croît à vitesse grand V et aujourd’hui, Tecno Globe propose une gamme complète de produits Hi-Tech pour la pratique du 2-roues. : mini-caméra, gps, alarme, chargeur de batterie, couverture chauffante, intercom moto, etc…"
"97"|"THOR MOTOCROSS"|"1",NULL,NULL,"https://www.dafy-moto.com/images/brand/medium/thor.png"|"Née en Amérique en 1968, Thor est LA marque spécialisée dans l’équipement de motocross. 40 années d’expérience qui font la notoriété de la marque, la rendant incontournable pour les adeptes de sensations fortes. Thor distribue l’équipement du pilote pour hommes, femmes et également pour les enfants, en passant du pantalon tout-terrain au maillot et des protections CE au sac à dos. Chaque article est conçu pour vous apporter un maximum de confort tout en vous protégeant également. Le fabricant a aussi su se démarquer des autres spécialistes de motocross en concevant également des masques tout-terrain qui s’harmonisent parfaitement avec ses casques. Avec roll-on ou tear-off, selon vos besoins, ce masque protégera vos yeux un maximum de la boue, de la poussière, et de tout ce qui peut entraver votre trajectoire, afin d’obtenir le podium. Sortez du lot et attirez l'attention avec ses couleurs vives."
"98"|"TOMTOM"|"1",NULL,NULL,"https://www.dafy-moto.com/images/brand/medium/logotomtom-318.png"|"Distribuée en France par la société Tecno Globe, la marque TomTom propose une large gamme de systèmes de navigation autonomes et GPS pour la voiture ou la moto.  Lancée grâce au TomTom Go dans le début des années 2000, les produits de la marque ont profondément évolué depuis. Aujourd’hui, TomTom propose un produit spécifique pour le motard avec TomTom Rider, qui est fabriqué avec des matériaux spécifiques robustes et résistants aux intempéries, et reposant sur une carte interactive qui intègre des fonctions dédiées à l’usage du 2-roues."
"99"|"TRAVEL BAGS"|"1",NULL,NULL,"https://www.dafy-moto.com/images/brand/medium/travel-bags.png"|"Osez prendre la route avec la gamme de bagagerie moto Travel Bags ! Une large collection imaginée et conçue pour mieux vous accompagner sur les routes de vos week-ends, échappées belles estivales et grandes aventures sans frontières."
"100"|"TRI-DAN"|"1",NULL,NULL,"https://www.dafy-moto.com/images/brand/medium/tri-dan.png",
"101"|"TWONAV"|"1",NULL,NULL,"https://www.dafy-moto.com/images/brand/medium/twonav-258.png",
"102"|"VEMAR"|"1",NULL,NULL,"https://www.dafy-moto.com/images/brand/medium/vemar.png",
"103"|"VESRAH"|"1",NULL,NULL,"https://www.dafy-moto.com/images/brand/medium/vesrah.png",
"104"|"VR46"|"1",NULL,NULL,"https://www.dafy-moto.com/images/brand/medium/vr46-309.jpg",
"105"|"VULCANET"|"1",NULL,NULL,"https://www.dafy-moto.com/images/brand/medium/logo-vulcanet-noir-345.jpg"|"Vulcanet est l’expert en nettoyage auto et moto. L’idée de base du fondateur, lorsqu’il reprend la société de produits de nettoyage industriel qui l’employait, était de trouver la formule chimique qui permettrait de développer un produit synthétisant toutes les capacités des produits de nettoyage et de brillance existants. Après plus d’un an de recherche, la formule magique est trouvée et obtiendra le prix de l’innovation en mars 2008."
"106"|"WD-40"|"1",NULL,NULL,"https://www.dafy-moto.com/images/brand/medium/wd-40.png",
"107"|"WEST COAST CHOPPERS"|"1",NULL,NULL,"https://www.dafy-moto.com/images/brand/medium/west-coast.png",
"108"|"XENA"|"1",NULL,NULL,"https://www.dafy-moto.com/images/brand/medium/xena-logo-311.png",
"109"|"YUASA"|"1",NULL,NULL,"https://www.dafy-moto.com/images/brand/medium/yuasa_logo-259.png",
"110"|"TNT"|"1",NULL,NULL,"https://www.dafy-moto.com/images/brand/medium/tnt-167.jpg",
"111"|"FAR"|"1",NULL,NULL,"https://www.dafy-moto.com/images/brand/medium/far-276.png",
"112"|"NO END"|"1",NULL,NULL,"https://www.dafy-moto.com/images/brand/medium/no_end-266.png",
"113"|"ALLSHOT"|"1",NULL,NULL,"https://www.dafy-moto.com/images/brand/medium/all_shot-267.png"|"Lorsque vous prenez votre moto pour une balade, du trail, une course sur piste, vous n'êtes pas à l'abri d'une chute et se sentir en sécurité n'est pas un luxe. Pour favoriser votre protection, ALLSHOT s'est spécialisée dans la confection et la réalisation d'airbag ainsi que des dorsales, vous protégeant en cas de chute et diminuant incontestablement les traumatismes. Que vous souhaitiez conserver votre style ou que vous préfériez être parfaitement bien protégé, ALLSHOT anticipe votre demande et propose différents types de protections : de la dorsale qui se glisse dans votre veste au gilet gonflable à positionner directement sur votre équipement. Pratiquez votre passion l'esprit libre, concentrez-vous sur l'instant présent, laissez ALLSHOT être le gardien de votre balade !"
"114"|"FIRSTRACING"|"1",NULL,NULL,"https://www.dafy-moto.com/images/brand/medium/first_log-270.png"|"Découvrez les équipements tout-terrain FIRST RACING, la marque spécialisée dans l'équipement pour la moto et le motard tout terrain, cross et enduro. Retrouvez les équipements tout-terrain : casques, maillots, gants, pantalons et bottes qui ont fait de la marque FIRST RACING une incontournable de l'univers TT ! FIRST RACING se distingue par son confort, sa haute technicité et son design qui séduisent tous les mordus des chemins !"
"115"|"GTR"|"1",NULL,NULL,"https://www.dafy-moto.com/images/brand/medium/gtr-272.png",
"116"|"GAERNE"|"1",NULL,NULL,"https://www.dafy-moto.com/images/brand/medium/gaerne_3-274.png",
"117"|"OSHIRO"|"1",NULL,NULL,"https://www.dafy-moto.com/images/brand/medium/000898130.jpg-275.jpg",
"118"|"MOTOVUDU"|"1",NULL,NULL,"https://www.dafy-moto.com/images/brand/medium/mtovudu-280.jpg",
"119"|"TIGRA"|"1",NULL,NULL,"https://www.dafy-moto.com/images/brand/medium/tigra_logo-283.jpg",
"120"|"TWIN AIR"|"1",NULL,NULL,"https://www.dafy-moto.com/images/brand/medium/twinair_logomenu2-284.png",
"121"|"TUBLISS"|"1",NULL,NULL,"https://www.dafy-moto.com/images/brand/medium/tubliss-france-logo-288.png",
"122"|"SKIPFOG"|"1",NULL,NULL,"https://www.dafy-moto.com/images/brand/medium/skipfog-292.jpg",
"123"|"NITERIDER"|"1",NULL,NULL,"https://www.dafy-moto.com/images/brand/medium/niterider_logo-296.png",
"124"|"CTEK"|"1",NULL,NULL,"https://www.dafy-moto.com/images/brand/medium/ctek_logo2016-297.png",
"125"|"CELLULARLINE"|"1",NULL,NULL,"https://www.dafy-moto.com/images/brand/medium/cellular_line-298.png"|"Faites confiance à l’expérience de Cellularline et restez connecté à la technologie. Qu’il pleuve ou qu’il vente, assurez la meilleure protection à vos appareils électroniques et plus particulièrement à votre smartphone, avec les coques et étuis Cellularline. Optez également pour un support moto pour votre téléphone qui s’installera facilement sur votre guidon. Vous êtes désormais paré pour rouler dans toutes les conditions ! Alors communiquez en toute sécurité pendant vos balades avec la sélection Dafy d’intercoms et kit Bluetooth. Optez dès maintenant pour le savoir-faire technologique et garantissez-vous une expérience à moto sûre et pleine d’émotion."
"126"|"HAD"|"1",NULL,NULL,"https://www.dafy-moto.com/images/brand/medium/had_logo-299.png",
"127"|"TWIINS"|"1",NULL,NULL,"https://www.dafy-moto.com/images/brand/medium/logo-300.png",
"128"|"RED TORPEDO"|"1",NULL,NULL,"https://www.dafy-moto.com/images/brand/medium/red_torpedo-304.png",
"129"|"SCOTT"|"1",NULL,NULL,"https://www.dafy-moto.com/images/brand/medium/scott_logo__horizontal_black-01_2-305.jpg"|"Créée en 1958 aux États-Unis par Charley French, la marque Scott est un équipementier de sports… plutôt extrêmes. Passionné de sensations fortes Charley French cherche toujours à innover. D’abord spécialisé dans les sports d’hiver avec la création du premier bâton de ski en aluminium, Scott se lance ensuite en 1970 dans le motocross. Les masques tout-terrain n’ont aujourd’hui plus aucun secret pour la marque. Toujours en quête d’innovation, Scott propose des accessoires tout-terrain pour la pratique du motocross, enduro, MX. Pour les acharnés de courses, prenez la route de la victoire avec les écrans et masques Scott. Un champ de vision toujours plus clair, toujours plus large pour une vision parfaite. Un confort inégalé avec ses mousses faciales. Rien ne vous arrêtera."
"130"|"SIMPSON"|"1",NULL,NULL,"https://www.dafy-moto.com/images/brand/medium/simpsonracinglogo-a-306.jpg"|"Casques de dragsters au design atypique, la marque Simpson s’est faite connaitre dans un premier temps en sport automobile et elle est aujourd’hui plus que présente dans le monde de la moto. La célèbre marque américaine Simpson s’est faite connaitre jusqu’en France grâce à son modèle emblématique porté par le Stig dans Top Gear, le Simpson Venom. Avec ses casques intégraux à la pointe, Simpson séduit de nombreux motards à la recherche d’un casque original."
"131"|"NOLINE"|"1",NULL,NULL,"https://www.dafy-moto.com/images/brand/medium/noline-307.png",
"132"|"KRYPTONITE"|"1",NULL,NULL,"https://www.dafy-moto.com/images/brand/medium/krylogo.header-310.png",
"133"|"GERBING"|"1",NULL,NULL,"https://www.dafy-moto.com/images/brand/medium/logo-gerbing-312.jpg"|"La marque Gerbing a vu le jour en 1976 : son fondateur, l’américain Gordon Gerbing, se lance alors dans le développement de vêtements chauffants. Mais ce n’est qu’en 1996 que la marque devient leader sur le marché européen. Gerbing vous propose ses gants chauffants, pour hommes et femmes. Conçus en cuir de chèvre, avec une membrane Hipora qui vous apporte étanchéité et respirabilité. Une doublure Thinsulate vous assure quant à elle, toute l’isolation thermique dont vous aurez besoin pour cet hiver. Les gants chauffants Gerbing se branchent directement à la batterie de votre moto. Ils peuvent aussi être autonomes pour plus de praticité ! Chargez-les à la maison avec son kit batterie Gerbing 12V. Les gants chauffent sur toute la longueur des doigts et le dos de la main. Et pour que vous n’ayez pas à vous arrêter en plein chemin pour régler la chaleur, les gants disposent d’un contrôleur de température qui l’ajuste automatiquement. Les essayer c’est les adopter. Les gants chauffants Gerbing deviendront votre allié tout au long des hivers à venir car les éléments chauffants sont garantis à vie par Gerbing."
"134"|"PRO TAPER"|"1",NULL,NULL,"https://www.dafy-moto.com/images/brand/medium/logo_protaper-314.png",
"135"|"BIKE LIFT"|"1",NULL,NULL,"https://www.dafy-moto.com/images/brand/medium/bike-lift-316.jpg",
"136"|"OUATOR"|"1",NULL,NULL,"https://www.dafy-moto.com/images/brand/medium/ouator-317.png",
"137"|"BÜSE"|"1",NULL,NULL,"https://www.dafy-moto.com/images/brand/medium/buese-320.jpg",
"138"|"BRAZOLINE"|"1",NULL,NULL,"https://www.dafy-moto.com/images/brand/medium/2-323.jpg",
"139"|"FOGWIN"|"1",NULL,NULL,"https://www.dafy-moto.com/images/brand/medium/fogwin-329.png",
"140"|"NEW RAY"|"1",NULL,NULL,"https://www.dafy-moto.com/images/brand/medium/357-324.gif",
"141"|"COSMO CONNECTED"|"1",NULL,NULL,"https://www.dafy-moto.com/images/brand/medium/logo-1-327.png"|"La mission première de Cosmo Connected ? Sauver la vie des 2 roues. Elle est la première marque sur le marché à présenter un feu connecté intelligent, amovible et pouvant se connecter sur tous types de casques. Associé à son application bluetooth, vous êtes paré à affronter toutes les situations. Disposant de 24 Leds, cet accessoire de moto ultime vous permettra d'améliorer votre visibilité afin d'être vu en toutes circonstances avec des fonctionnalités pour toutes les situations : feu de freinage, feu de position et feu de détresse. La sécurité est optimisée avec son accéléromètre permettant de détecter si vous avez fait une chute. L'application se chargera d'appeller les secours et votre famille. Le feu Cosmo connected s'installe sur votre avec un kit de support (2 bases magnétiques) disponible dans plusieurs coloris : noir, noir mat, blanc pour un maximum de discrétion."
"142"|"SUNIMPORT"|"1",NULL,NULL,"https://www.dafy-moto.com/images/brand/medium/logo-328.png",
"143"|"ENERGY SAFE"|"1",NULL,NULL,"https://www.dafy-moto.com/images/brand/medium/bateriases2-330.png",
"144"|"RTECHMX"|"1",NULL,NULL,"https://www.dafy-moto.com/images/brand/medium/logo-rtech-ok-331.png"|"RTECHMX est née en Italie en 2003. Son fondateur Cristian Mittone, passionné par les motos, se lance dans la fabrication de produits en plastique pour motos. Il connait des débuts assez modestes, mais évolue vite en innovant avec de nouveaux produits. Rtech commercialise des protèges mains, des garde-boues tout-terrain, des plaques phare et bien d’autres produits en plastique nécessaires à l’entretien de votre moto. La marque est aujourd’hui mondialement connue dans l’univers de l’enduro et du MX en distribuant plus de 50 pays. Grâce à des machines de dernière technologie, Race Tech garantie des produits de haute qualité et a pu remporter une douzaine de titres mondiaux. Forte d’une équipe de passionnés, la marque est à l’écoute de ses clients et de ses pilotes afin de toujours répondre au mieux à leurs exigences. Pour tous les adeptes d’enduro, MX et supermotard, Race Tech saura vous accompagner dans toutes vos épreuves avec ses produits reconnus de haute qualité."
"145"|"D.I.D"|"1",NULL,NULL,"https://www.dafy-moto.com/images/brand/medium/did-logo-f71b9c2062-seeklogo.com-334.png"|"Les Kits Chaines D.I.D sont une véritable référence dans le domaine de la transmission de la puissance moteur. Ils sont un maillon à ne pas négliger dans les rouages de votre moto. Que vous décidiez d'améliorer votre transmission, d'opimiser votre puissance vers la roue arrière, un kit chaine D.I.D sera une pièce de choix dans l'entretien de votre 2 roues. L'ensemble pignon-couronne-chaine D.I.D vous assure un kit durable, résultat de recherche et développement étalés sur des années d'expériences."
"146"|"ISOTTA"|"1",NULL,NULL,"https://www.dafy-moto.com/images/brand/medium/logo-335.png"|"Isotta est une marque d'accesoires et de protections pour le scooter. Le tablier de protection scooter Isotta sera le parfait allié pour tous les scooteristes qui recherchent une protection adaptée à leurs trajets par tous les temps !"
"147"|"AKA"|"1",NULL,NULL,"https://www.dafy-moto.com/images/brand/medium/aka-racing-logo-336.png"|"AKA est spécialisé dans la réalisation de masques tout-terrain. La marque a réalisé un veritable effort dans la conception de ses produits afin de toujours proposer des innovations sur son marché. Développer les meilleurs produits, s'engager dans la conception des protections les plus avancées tout en restant fonctionnelles et élégantes pour les sports de moto. L'objectif de la marque AKA est de proposer des produits sophistiqués, que vous soyez un professionnel ou un amateur d''off road. Pour rouler toujours plus fort sur les routes les plus impraticables, AKA, n'accepte aucun compromis en combinant : technologie durable et matériaux de haute qualité. La marque vous offre ainsi la possibilité de relever de nouveaux défis ! Always Keep Ahead !"
"148"|"ROOF"|"1",NULL,NULL,"https://www.dafy-moto.com/images/brand/medium/roof-340.jpg"|"Roof, créée en 1993, est une marque française, spécialisée dans la fabrication de  casques de moto. Sa philosophie ? Être précurseur, imaginer, inventer et développer les casques de  demain : ne jamais rester sur ses acquis. Roof se fait un nom avec son emblématique Boxer : un casque modulable possédant une mentonnière pivotante à 180°. Roof regroupe tous les corps de métiers, lui  permettant de maitriser ses produits, de la conception à la distribution. Les casques de moto sont le fruit d'un savoir-faire reconnu,  permettant à Roof de produire des casques de qualité. Le casque Boxxer Carbon est un exemple du véritable concentré d'innovations des produits de la marque. Présent dans plus de 35 pays, le style Roof est intemporel, identifiable et unique."
"149"|"ICON"|"1",NULL,NULL,"https://www.dafy-moto.com/images/brand/medium/icon-341.jpg"|"L'originalité a un nouveau nom : ICON. Trouvant ses origines dans la rue, la ville et saupoudré d'une culture underground, Icon défriche votre style. Rares sont les marques d'accessoires moto à posséder une identité aussi forte. Découvrez les casques de moto intégraux aux design uniques et originaux avec le casque Airflite en tête de fil. Des lignes et décorations qu'il est plutôt rare de croiser sur les routes. Graphismes travaillés, formes nouvelles et ambitieuses, anti-conformistes... Les casques moto ICON suivent leurs propres tendances et non les règles établies. Avec un écran casque personnalisé, cultivez vous aussi, votre différence. La marque porpose toute une gamme de blouson moto que vous pourrez porter pour affronter la ville et ses nombreux pièges. Icon, ne vous laisse pas partir sans protections et propose toute une gamme d'accessoire assurant votre sécurité. Une gamme complète, un style qui bouleverse les codes, des protections... ICON ne peut véritablement pas passer inaperçu."
"150"|"ICON 1000"|"1",NULL,NULL,"https://www.dafy-moto.com/images/brand/medium/icon1000-343.png"|"Icon 1000, c'est la marque moto qui délimite la frontière de l'âge adulte. Cassez les codes de l'anormalité. Faites preuve d'audace, libérez votre excentricité. Vous êtes un motard et Icon 1000 votre bannière, votre emblème. Faites preuve de liberté lors de vos déplacements à moto et laissez libre cours à votre anti-conformisme. Découvrez la marque moto qui fera de vous un motard unique. Portez l'authenticité d'un blouson Icon 1000. Marchez dans les roues de vos objectifs avec des bottes touring aussi démentes que capricieuses. Icon 1000 est unique dans l'univers de la moto. La marque propose un véritable catalogue pour les plus originaux, ceux qui veulent sortir des sentiers balisés d'un style normalisé. Vous êtes à moto: exprimez-vous, émancipez-vous."
"151"|"TROY LEE DESIGNS"|"1",NULL,NULL,"https://www.dafy-moto.com/images/brand/medium/logo_troy-344.png"|"Rares sont les entreprises qui ont débutées leurs carrières au fond d'un garage avant de devenir incontournables sur leur secteur. Troy Lee Designs en fait partie. Le monde du moto cross et du tout-terrain fait émerger des artistes de tout bord et les designers peuvent laisser libre cours à leur imagination. Troy Lee est le spécialiste de la pesonnalisation de casque. Dans les années 70 Troy Lee peignait des casques de moto. Plus de 30 ans plus tard, le designer est toujours présent et ses créations ornent toujours l'équipement des meilleurs team motocross. Le designer ne s'est pas arrêté au simple casque de moto, il a continué sur sa lancée en proposant un gamme complète pour les riders du monde entier. Des casques MX, du sportwear, des protections moto, des t-shirt, tout l'univers de la marque est touché par la patte TLD ! Votre style cross, tout-terrain moto est tout trouvé !"
"152"|"CHAFT"|"1",NULL,NULL,"https://www.dafy-moto.com/images/brand/medium/chaft-347.png",
"153"|"BILTWELL"|"1",NULL,NULL,"https://www.dafy-moto.com/images/brand/medium/biltwell-349.jpg"|"Un style cool pour une marque cool. C'est depuis 2006 que Biltwel crée et design des produits inspirés des customs américains. Et la marque californienne est plutôt bien placée pour comprendre et connaître cet amour pour ce milieu underground. Biltwell aborde le monde de la moto selon des principes identifiables : concevoir des accessoires moto de qualité, simples et accessibles. La marque répond à ceux qui aiment les customs, leurs conceptions, leurs sciences de la fabrication et leurs implications dans une scène moto discrète mais à fort caractère et à l'identité bien affirmée. Fini le temps des faux bad boys marketés des 20 dernières années, les motards d'aujourd'hui recherchent : honnêteté, valeur et performance. Tous les accessoires moto Biltwell sont façonnés dans le seul but de répondre à des fonctionnalités simples, performantes avec des valeurs adaptées au monde actuel. Des valeurs authentiques pour des accessoires moto de qualité !"
"154"|"ALPENHEAT"|"1",NULL,NULL,"https://www.dafy-moto.com/images/brand/medium/alpenheat-logo-1463069198-370.png",
"155"|"POINT 65° N"|"1",NULL,NULL,"https://www.dafy-moto.com/images/brand/medium/logo-371.png",
"156"|"HPA"|"1",NULL,NULL,"https://www.dafy-moto.com/images/brand/medium/prestashop-logo-1461163023-372.png",
"157"|"HIGHLANDER"|"1",NULL,NULL,"https://www.dafy-moto.com/images/brand/medium/highlander-373.png",
"158"|"WANTALIS"|"1",NULL,NULL,"https://www.dafy-moto.com/images/brand/medium/wantalis-374.png",
"159"|"AIRMAN"|"1",NULL,NULL,"https://www.dafy-moto.com/images/brand/medium/airman-379.png",
"160"|"AQUA2GO"|"1",NULL,NULL,"https://www.dafy-moto.com/images/brand/medium/logo-380.png",
"161"|"MAGLITE"|"1",NULL,NULL,"https://www.dafy-moto.com/images/brand/medium/maglite-382.png",
"162"|"TEXENERGY"|"1",NULL,NULL,"https://www.dafy-moto.com/images/brand/medium/texenergy-logo-384.png",
"163"|"NEXX"|"1",NULL,NULL,"https://www.dafy-moto.com/images/brand/medium/logotype-v2-387.png"|"Nexx est une société née en 2001 au Portugal. Son créateur Heldeir Loureiro se démarque rapidement en fabriquant des casques urbains Vintage. Il est le premier également à créer des casques de moto en fibres. La marque va très vite connaître un franc succès en développant sa gamme de casques jet pour femmes et enfants. Nexx distribue aujourd'hui une soixante de pays dans le monde grâce au développement également de casques intégraux, de casques modulables et même des casques tout-terrain. Mais elle ne s’arrête pas là… Pour aller encore plus loin, la marque crée en plus des intercoms compatibles pour ses casques. Du style, de la qualité et de l'originalité. Voici les atouts que la marque Nexx a su mettre en avant pour se distinguer et voir sa notoriété grimper."
"164"|"HARISSON"|"1",NULL,NULL,"https://www.dafy-moto.com/images/brand/medium/harissontransparent2-400.png",
"165"|"BLAUER"|"1",NULL,NULL,"https://www.dafy-moto.com/images/brand/medium/blauer_hd-390.png"|"Née à Boston en 1936, la marque Blauer fabrique des équipements techniques aux matériaux performants pour la police et autres forces armées. Recherche et développement ont fait la renommée de la marque dans le monde. Toujours soif d’innovation, de découverte. Blauer veut de la qualité, de la protection et de la robustesse. Sa devise : « Performance sans compromis » ! Chaque détail compte pour Blauer USA rien n’est laissé au hasard. Sa notoriété, elle la tient de son obsession pour la qualité. Toujours plus innovant, toujours plus performant. Blauer USA incarne le rêve américain. La vie, la liberté, la quête du bonheur… ce que vous ressentirez en portant un casque Blauer."
"166"|"URBAN"|"1",NULL,NULL,"https://www.dafy-moto.com/images/brand/medium/urban-logo-396.jpg",
"167"|"SWAPS"|"1",NULL,NULL,"https://www.dafy-moto.com/images/brand/medium/swpas-392.jpg"|"Entrez dans le monde du SX et MX US ! En direct des États-Unis, inspirée par les plus grandes compétitions ou s’affrontent les plus grands pilotes, Swaps propose un équipement moto cross aux couleurs franches et au design unique. Que vous choisissiez un cross, un masque tout-terrain ou que vous recherchiez un guidon pour améliorer votre pilotage, Swaps saura répondre présent avec un aplomb digne des plus grands. Complétez votre d’un masque assorti à vos couleurs et parcourez les pistes les plus difficiles, côtoyez les plus grand pilotes avec une sélection d’accessoires moto cross unique et originale. Avec la marque Swaps, la piste vous appartient, votre moto alter ego, votre équipement votre différence : n’ayez plus peur d’affronter vos adverses et maximisez vos chances de victoires !"
"168"|"VEECTOR"|"1",NULL,NULL,"https://www.dafy-moto.com/images/brand/medium/veector-394.jpg",
"169"|"KRIEGA"|"1",NULL,NULL,"https://www.dafy-moto.com/images/brand/medium/kriega-397.png",
"170"|"ROTOPAX"|"1",NULL,NULL,"https://www.dafy-moto.com/images/brand/medium/rotopax-logo-399.png",
"171"|"IPONE"|"1",NULL,NULL,"https://www.dafy-moto.com/images/brand/medium/19092702324524028916426907-401.png"|"Pour vous les sportifs, bichonnez votre moto avec des produits de qualité de la marque Ipone. Le leader français des produits d’entretien vous propose des lubrifiants pour une conduite sportive, disponible également en senteur fraise pour les plus gourmands, attention ce n’est pas comestible ! Profitez-en pour entretenir votre chaîne avec le pack d’entretien chaîne off-road. Facilitez-vous la vie avec le pack qui comprend : un dégraissant, une graisse et une brosse. Optez pour une valeur sûre et profitez sans préoccupations des sensations du tout-terrain !"
"172"|"RED BULL SPECT EYEWEAR"|"1",NULL,NULL,"https://www.dafy-moto.com/images/brand/medium/redbull-402.png",
"173"|"RENTHAL"|"1",NULL,NULL,"https://www.dafy-moto.com/images/brand/medium/renthal-logo-1-403.jpg",
"174"|"UP DESIGN"|"1",NULL,NULL,"https://www.dafy-moto.com/images/brand/medium/resized-up-406.jpg"|"Up Design est partenaire de nombreux pilotes moto mais aussi rally. Qualité et résistance de ses matériaux ont fait la renommée de la marque dans le milieu de la moto. Avec son design et un style unique, ses graphismes modernes, Up Design dispose d'une identité forte. Et la marque 100% off road est chez Dafy Moto ! Totalement dédiée au tout terrain, la marque Up Design donne un coup de fouet à votre moto. Mais aussi au pilote ! Up Design, ce sont des pièces techniques comme des mousses de pneus, des protections mais aussi du sportwear. Polo, doudoune, casquettes ou bonnet, vous pouvez ainsi vous équiper en été comme en hiver et rouler toute l'année. Votre moto tout-terrain ne restera pas longtemps au garage avec cette collection de vêtements et accessoires moto."
"175"|"NEKEN"|"1",NULL,NULL,"https://www.dafy-moto.com/images/brand/medium/logo-407.png",
"176"|"VEE RUBBER"|"1",NULL,NULL,"https://www.dafy-moto.com/images/brand/medium/logo-vee-rubber-410.png",
"177"|"UFO"|"1",NULL,NULL,"https://www.dafy-moto.com/images/brand/medium/ufo-plast-logo-marque-409.png"|"UFO Plast est une marque italienne créée en 1977, il y a plus de 40 dans la région de la Toscane. Comme toutes les bonnes histoires, l'aventure a commencé au fond d'un garage par 2 frères passionnés de tout-terrain et off-road. Un parcours semé d'embûches pour une marque proposant toute une sélection d'accessoire dédié au MX, FMX et en passant par l'enduro. Moto, vélo, neige, rien n'arrête le fabricant italien dans sa quête de l'amélioration constante des performances des motos des pilotes, mais aussi des pilotes eux même. La marque italienne UFO Plast propose plusieurs équipements moto comme des casques, des gants, des vestes ou encore des bottes. Très orienté tout-terrain, la marque oriente également son offre vers les protections du pilote mais aussi vers les accessoires moto : des boites à air, des gardes boue et des kits plastiques viendront avantageusement prendre place sur votre monture. 3 lettres pour vous emmener loin sur les podiums. Si vous ne croyez pas aux ovnis, UFO plast pourrait vous faire changer d'avis."
"178"|"FABIO QUARTARARO"|"1",NULL,NULL,"https://www.dafy-moto.com/images/brand/medium/fabio-411.png"|"Fabio Quartararo, pilote français né en 1999 et engagé en Moto GP fait désormais des étincelles et entre dans la cours des grands. Le pilote met fin à 21 ans d'insuccès français dans la catégorie reine en 2020, signant sa première victoire en Moto GP à Jerez en Espagne. Que vous soyez supporter ou simple amateur, pour vous ou pour offrir, découvrez vite le merch officiel du talentueux pilote moto. T-shirt, hooddies, casquettes et tous les accessoires vous attendent pour soutenir votre pilote français préféré. El Diablo est maintenant sur la piste, la victoire est dans sa ligne de mire, suiviez-le, soutenez-le et porter haut les couleurs du pilote Moto GP français."
"179"|"HONDA REPSOL"|"1",NULL,NULL,"https://www.dafy-moto.com/images/brand/medium/repsol-logo-413.png",
"180"|"FERODO"|"1",NULL,NULL,"https://www.dafy-moto.com/images/brand/medium/ferodo-414.png",
"181"|"KENNY"|"1",NULL,NULL,"https://www.dafy-moto.com/images/brand/medium/kenny-logo-e1505029394947.png",
"182"|"POWERFLUX"|"1",NULL,NULL,"https://www.dafy-moto.com/images/brand/medium/logo-powerflux.jpg",
"183"|"ALL ONE"|"1",NULL,NULL,"https://www.dafy-moto.com/images/brand/medium/allone-247.png"|"C’est 6 ans après le lancement de sa marque DMP, soit en 2006, que Dafy décide de lancer une seconde marque de vêtements moto, sur un niveau de gamme plus élevé : All One. Ergonomie, technicité, style et protections moto high tech, voilà l’ensemble des caractéristiques qui définit la marque All One. Les détails de finition et la qualité des matériaux utilisés distinguent les produits de la marque. Celle-ci propose tout l'équipement dont le motard à besoin: des blousons pour tous les jours, pour les sorties balades ou pour les trajets quotidiens. Des gants pour toutes les saisons et des gants racing pour les plus sportifs des motards. All One c'est aussi des pantalons de moto répondant aux dernières normes CE."
"183"|"A1"|"1",NULL,NULL,"https://www.dafy-moto.com/images/brand/medium/allone-247.png"|"C’est 6 ans après le lancement de sa marque DMP, soit en 2006, que Dafy décide de lancer une seconde marque de vêtements moto, sur un niveau de gamme plus élevé : All One. Ergonomie, technicité, style et protections moto high tech, voilà l’ensemble des caractéristiques qui définit la marque All One. Les détails de finition et la qualité des matériaux utilisés distinguent les produits de la marque. Celle-ci propose tout l'équipement dont le motard à besoin: des blousons pour tous les jours, pour les sorties balades ou pour les trajets quotidiens. Des gants pour toutes les saisons et des gants racing pour les plus sportifs des motards. All One c'est aussi des pantalons de moto répondant aux dernières normes CE."
"184"|"Aprilia"|"0",NULL,NULL,"https://www.dafy-moto.com/cache/images/vehicle-manufacturer/aprilia-25.svg?6e7f8a8e5166643b73720e7fae42de38"|"Le constructeur italien de motocyclettes Aprilia fait partie du groupe italien Piaggio SpA depuis 1945. Choisir une moto Aprilia, câ€™est rouler avec un morceau de lâ€™histoire des courses de moto : avec plus de 290 victoires en MotoGP, câ€™est le constructeur moto qui compte le plus de succÃ¨s dans cette catÃ©gorie. Aprilia roule Ã©galement avec plus de 50 titres mondiaux, en Championnat du Monde, en Superbike mais aussi en Off-Road. Faites confiance au savoir-faire italien pour des sorties sportives, sur route comme en off-road. Fort de cette expÃ©rience en compÃ©tition, câ€™est avec soin et attention que vous devez effectuer lâ€™entretien de votre moto. Conservez un freinage fort et mordant avec des disques de frein sport. Transportez votre moto Aprilia sur les pistes avec des sangles de transport. Pour la garder toujours propre utilisez un dÃ©graissant et des produits de nettoyages."
"185"|"BMW"|"0",NULL,NULL,"https://www.dafy-moto.com/cache/images/vehicle-manufacturer/bmw-24.svg?6e7f8a8e5166643b73720e7fae42de38"|"BMW Motorrad est une filiale du groupe allemand BMW connu pour la fabrication de voitures et produisant des motos depuis 1923. Participant rÃ©guliÃ¨rement au Rallye Dakar, la filiale y prÃ©sente des coureurs tels que Charley Boorman et Simon Pavey et a dÃ©jÃ  remportÃ© six victoires. La rÃ©ussite de la marque est Ã©galement due Ã  lâ€™italien Ayrton Badovini, sacrÃ© champion du monde dans la catÃ©gorie Superstock 1000. Vous trouverez la moto qui vous convient chez BMW, dâ€™un roadster Ã  une moto trail en passant par les sportives les plus abouties. Aussi pointu dans ses voitures que pour ses motos, Dafy met Ã  disposition toutes les piÃ¨ces dâ€™entretien pour votre moto BMW. AmÃ©liorez les capacitÃ©s de freinage, optimisez lâ€™allumage de votre moteur pour des performances toujours plus sportive. Customisez votre moto avec des poignÃ©es Ã  votre image et protÃ©gez votre moto avec un antivol."
"186"|"Ducati"|"0",NULL,NULL,"https://www.dafy-moto.com/cache/images/vehicle-manufacturer/ducati-41.svg?6e7f8a8e5166643b73720e7fae42de38"|"Ducati a vu le jour en 1926 avec Emilie-Romagne, une entreprise italienne, spÃ©cialisÃ©e dans la recherche et la production de technologies pour la communication radio. Toutes ses ressources ont Ã©tÃ© destinÃ© Ã  la production militaire, durant la seconde guerre mondiale. Son secteur moto a Ã©tÃ© crÃ©Ã© en 1946 avant dâ€™Ãªtre rachetÃ©e par Lamborghini Automobili S.P.A, cÃ©lÃ¨bre dans le domaine de lâ€™automobile. Ducati participe aux compÃ©titions mondiales de motocyclisme. Elle a dÃ©jÃ  remportÃ© 14 victoires de course Superbike. Le fabricant participe aussi aux championnats Moto GP 2020 avec ses pilotes : Danilo Petrucci et Andrea Doviziovo. En 2007, elle a remportÃ© le premier prix. ParticuliÃ¨rement connu pour ses motos sportives, Ducati sâ€™est lancÃ© aussi dans la moto sport tourisme voir mÃªme uniquement routiÃ¨re. Pour prendre soin de votre moto Ducati, retrouvez nos protections moto et nos piÃ¨ces dÃ©tachÃ©s pour tous vos entretiens : filtres, bougies, batteriesâ€¦ Tout pour votre moto !"
"187"|"Honda"|"0",NULL,NULL,"https://www.dafy-moto.com/cache/images/vehicle-manufacturer/honda-21.svg?6e7f8a8e5166643b73720e7fae42de38"|"En 1937, Soichiro fonde Tokai Seiki, producteur de segments de piston. Lâ€™entreprise en plein dÃ©veloppement, connait toutefois quelques difficultÃ©s menant Ã  sa nouvelle dÃ©nomination : Honda Technical Research Institute. En 1946, Honda sort sa premiÃ¨re bicyclette puis retravaille le moteur lâ€™annÃ©e suivante. La Honda Motor Company est crÃ©Ã©e en 1948, suite Ã  lâ€™association de Soichiro Honda et Takeo Fujisawa. La premiÃ¨re moto conÃ§ue et dÃ©veloppÃ©e par Honda est la Â« Dream Â». Aujourdâ€™hui numÃ©ro 1 de la moto au Japon et dans le monde, Honda continue de penser au niveau mondial. DÃ©veloppant le sport moto, Honda se concentre sur la conception de motos racing, cross, ou encore enduro. En compÃ©tition, la team Repsol Honda est composÃ©e des deux frÃ¨res Marquez dont Alex, champion du monde Moto2 en 2019. Ils se prÃ©parent donc Ã  deux pour les circuits du moto GP. Comme ces grands pilotes vous usez vos poignÃ©es, changez-les avec Dafy. Ayez lâ€™outillage quâ€™il vous faut, pour Ãªtre sur les circuits !"
"188"|"Husqvarna"|"0",NULL,NULL,"https://www.dafy-moto.com/cache/images/vehicle-manufacturer/husqvarna-46.svg?6e7f8a8e5166643b73720e7fae42de38"|"Husqvarna est une marque suÃ©doise fondÃ©e en 1689. A lâ€™origine, Husqvarna Ã©tait une manufacture royale fabricant des armes Ã  feu. Aujourdâ€™hui, que ce soit pour vos sorties motocross ou sur piste, Husqvarna vous accompagne oÃ¹ vous irez. Son palmarÃ¨s en compÃ©tition Motocross est large : avec 15 championnats du monde et 3 en Supermoto, le fabricant bÃ©nÃ©ficie dâ€™une expÃ©rience notable dans le domaine de la moto. Depuis 2018, la marque prend un grand tournant vers l'Ã©lectrique et ce nouveau marchÃ© avec des modÃ¨les comme le mini-crosser EE 5 mais aussi avec sa gamme de vÃ©los Ã©lectriques. En 2019, la marque suÃ©doise entre dans le segment des voyages en dÃ©voilant son concept Norden 901, lors du salon de la moto EICMA 2019. MÃªme si Husqvarna met un pied dans lâ€™Ã©lectrique, toutes les motos thermiques doivent pouvoir Ãªtre entretenues avec attention. Que vous souhaitiez changer dâ€™huile, trouver votre chemin avec un GPS, modifier vos clignotants ou vos joints, Dafy propose toute une gamme de piÃ¨ces dÃ©tachÃ©es pour votre 2 roues !"
"189"|"KTM"|"0",NULL,NULL,"https://www.dafy-moto.com/cache/images/vehicle-manufacturer/ktm-1.svg?6e7f8a8e5166643b73720e7fae42de38"|"Depuis 1934, le constructeur de motos et de vÃ©los autrichien KTM est la rÃ©fÃ©rence en termes de performance, dâ€™aventure et dâ€™extrÃªme. A partir de 2017, le groupe a intÃ©grÃ© la catÃ©gorie MotoGP avec la KTM RC16 et ne cesse de dÃ©velopper technique et savoir-faire. De grands pilotes comme Pol EspargarÃ³ et Brad Binder font partie de l'Ã©quipe Red Bull KTM Factory Racing. Aux cÃ´tÃ©s de Dani Pedrosa, la lÃ©gende du MotoGP et Mika Kallio, qui assurent une Ã©quipe d'essai trÃ¨s expÃ©rimentÃ©e. Pour des sorties enduro Ã  en couper le souffle et des sensations fortes, faites confiance Ã  KTM. Mais pas seulement, avec KTM vous pourrez rouler vers de nouvelles aventures et faire des voyages inoubliables. Dafy Moto vous dÃ©pannera pour tous ce qui est huile et lubrifiant mais Ã©galement pour de nombreux autres accessoires et piÃ¨ces moto ! Vous disposerez de tous les outils pour changer de batterie ou de filtre Ã  essence. IntÃ©grez une bagagerie pour partir vers de nouvelles aventures et pensez Ã  la protection de votre moto avec pontets et antivol."
"190"|"Kawasaki"|"0",NULL,NULL,"https://www.dafy-moto.com/cache/images/vehicle-manufacturer/kawasaki-22.svg?6e7f8a8e5166643b73720e7fae42de38"|"Le Groupe Kawasaki est apparu en 1878, avec Shozo Kawasaki. BasÃ©e sur lâ€™ingÃ©nierie, Kawasaki Heavy Industries, opÃ¨re dans le monde entier et sur des marchÃ©s trÃ¨s divers. En 1961, Kawasaki produit son premier 2 roues. La marque fait depuis partie des plus grands nom la moto. Câ€™est avec son savoir-faire acquis avec la conception et la rÃ©alisation de moteurs dâ€™avions, quâ€™elle a su concevoir son premier moteur. Lâ€™entreprise se concentre dans le dÃ©veloppement de loisirs motorisÃ©s tels que des motos pour la course ou lâ€™endurance. Le cÃ´tÃ© sportif, voir hypersportif des motos est une des valeurs de la sociÃ©tÃ©. Pour la reprÃ©senter, elle a choisi des pilotes de renom composant la team SRC Kawasaki France sur le championnat dâ€™endurance 2019/2020. Le titre de champion du monde cette mÃªme annÃ©e nâ€™a pas sacrÃ© le fabricant par hasard. Gardez des watts sur piste ou sur la route avec une batterie moto opÃ©rationnelle. Prenez soins de votre 2 roues avec les produits dâ€™entretien proposÃ©s sur notre site. Besoin de bougies et de filtres pour votre entretien annuel ? Vous Ãªtes au bon endroit pour vos piÃ¨ces dÃ©tachÃ©es !"
"191"|"Suzuki"|"0",NULL,NULL,"https://www.dafy-moto.com/cache/images/vehicle-manufacturer/suzuki-2.svg?6e7f8a8e5166643b73720e7fae42de38"|"Suzuki est une marque crÃ©Ã©e par Michio Suzuki. A lâ€™origine une fabrique de mÃ©tiers Ã  tisser, elle est devenue officiellement Â« Suzuki Motor Co Â» en 1954. En 1952, elle crÃ©e sa premiÃ¨re moto : un simple vÃ©lo Ã©quipÃ© dâ€™un monocylindre deux temps. La premiÃ¨re vÃ©ritable moto que Suzuki rÃ©alise et commercialise sera la Colleda en 1955. LocalisÃ© Ã  leurs dÃ©buts au Japon dans leurs usines, le fabricant est aussi implantÃ© au niveau mondial et commercialisent ses modÃ¨les dans 207 pays. Le tournant dans lâ€™histoire de Suzuki ? Ernst Degner, qui avec son savoir-faire sur les deux temps sportifs, permettra de remporter de nombreux titres. Aujourdâ€™hui, aprÃ¨s 100 ans dâ€™existences la marque Suzuki reste une entreprise toujours familiale. PrÃ©sente en moto Gp, Suzuki compte sur ses deux pilotes : Joan Mir et Alaex Rins ainsi que sur ses innovations pour faire la diffÃ©rence en piste. Toujours Ã  la recherche dâ€™une meilleure performance, constructeur de motos allant du roadster aux moto sportives, nous vous conseillons de prendre soin de votre moteur avec un entretien mÃ©ticuleux avec Dafy !"
"192"|"Triumph"|"0",NULL,NULL,"https://www.dafy-moto.com/cache/images/vehicle-manufacturer/triumph-42.svg?6e7f8a8e5166643b73720e7fae42de38"|"FondÃ© en Angleterre par lâ€™allemand Siegfried Bettman en 1885, le constructeur de motos Triumph allie savoir-faire et expertise. En effet, la marque met un point dâ€™honneur sur la prÃ©cision, le savoir-faire et lâ€™expertise dâ€™ingÃ©nierie. Que vous aimez rouler en roadster ou que vous partiez Ã  lâ€™aventure sur les routes, Triumph vous accompagnera. La marque anglaise se qualifie comme Ã©tant la marque de moto les plus rapide au monde. Notamment avec la victoire de Guy Martin franchissant la barre des 643,7 km/h. Avec un entretien mÃ©ticuleux, vous ne parviendrez que difficilement Ã  atteindre une telle vitesse. MÃªme en changeant vos bougies et en rechargeant votre batterie. Mais vous aurez une moto parfaitement entretenue et prÃªte Ã  rouler."
"192"|"ARROW"|"0",NULL,NULL,"https://www.dafy-moto.com/cache/images/vehicle-manufacturer/triumph-42.svg?6e7f8a8e5166643b73720e7fae42de38"|"FondÃ© en Angleterre par lâ€™allemand Siegfried Bettman en 1885, le constructeur de motos Triumph allie savoir-faire et expertise. En effet, la marque met un point dâ€™honneur sur la prÃ©cision, le savoir-faire et lâ€™expertise dâ€™ingÃ©nierie. Que vous aimez rouler en roadster ou que vous partiez Ã  lâ€™aventure sur les routes, Triumph vous accompagnera. La marque anglaise se qualifie comme Ã©tant la marque de moto les plus rapide au monde. Notamment avec la victoire de Guy Martin franchissant la barre des 643,7 km/h. Avec un entretien mÃ©ticuleux, vous ne parviendrez que difficilement Ã  atteindre une telle vitesse. MÃªme en changeant vos bougies et en rechargeant votre batterie. Mais vous aurez une moto parfaitement entretenue et prÃªte Ã  rouler."
"193"|"Yamaha"|"0",NULL,NULL,"https://www.dafy-moto.com/cache/images/vehicle-manufacturer/yamaha-23.svg?6e7f8a8e5166643b73720e7fae42de38"|"Lâ€™entreprise Yamaha a Ã©tÃ© fondÃ©e en 1887, par Torakusu Yamaha. Yamaha Organ Manufacturing est Ã  lâ€™origine une marque dâ€™instruments de musique, toujours en activitÃ©. RachetÃ©e en 1916, la sociÃ©tÃ© se tourne, aprÃ¨s la seconde guerre mondiale, vers la production de motos. Au dÃ©part ce ne sont que de simples copies de modÃ¨les allemands. En 1955 la YA-1 apparait, la mÃªme annÃ©e oÃ¹ la firme est rebaptisÃ©e Yamaha en hommage Ã  son fondateur. La firme rachÃ¨te lâ€™entreprise Showa, lui permettant lâ€™acquisition de la maÃ®trise technologique du deux temps. Elle dÃ©veloppe des motos trail, puis des sportives ainsi que des tout-terrain. Elle gagne une image trÃ¨s sportive en compÃ©tition par ses modÃ¨les de motos, par sa prÃ©sence en Moto GP, ses pilotes et sa 500e victoire fÃªtÃ©e en Grand Prix moto en 2017. Votre Yamaha, câ€™est un morceau dâ€™histoire, prenez donc le temps de bichonner votre moto avec de lâ€™huile moteur adaptÃ©e ainsi que des produits dâ€™entretien de chez Dafy Moto."
